word,tag,frequency,keepornot
game,NN,23332,0
is,VBZ,21373,0
http,NN,11093,0
are,VBP,10911,0
be,VB,8195,0
more,JJR,7632,0
play,VB,7185,0
games,NNS,7175,0
new,JJ,7040,1
free,JJ,6496,1
https,NN,5287,0
friends,NNS,4965,1
other,JJ,4667,0
not,RB,4583,0
world,NN,4569,0
have,VBP,4332,0
real,JJ,4270,0
levels,NNS,4095,1
players,NNS,4090,1
app,NN,3866,0
fun,NN,3735,1
get,VB,3664,0
Play,NNP,3588,0
time,NN,3547,0
Facebook,NNP,3499,1
up,RP,3454,1
different,JJ,3421,1
best,JJS,3313,1
has,VBZ,3176,0
money,NN,3040,1
items,NNS,2847,1
also,RB,2738,0
Game,NNP,2640,1
available,JJ,2601,1
way,NN,2549,1
out,RP,2403,1
now,RB,2295,1
device,NN,2277,1
make,VB,2249,1
unique,JJ,2246,1
use,VB,2230,0
Google,NNP,2227,1
puzzles,NNS,2226,1
play,NN,2222,1
own,JJ,2172,1
help,VB,2152,1
skills,NNS,2139,1
in-app,JJ,2130,0
mode,NN,2127,1
more,RBR,2125,0
's,VBZ,2125,0
graphics,NNS,2120,1
purchases,NNS,2093,1
features,NNS,2089,1
Android,NNP,2075,0
word,NN,2058,1
many,JJ,2044,0
level,NN,2009,1
@,NNP,2001,0
find,VB,1991,1
support,NN,1960,1
characters,NNS,1960,1
even,RB,1914,1
playing,VBG,1912,1
experience,NN,1892,1
special,JJ,1885,1
just,RB,1855,0
battle,NN,1846,1
puzzle,NN,1812,1
n't,RB,1794,0
take,VB,1759,1
social,JJ,1749,1
only,RB,1741,0
have,VB,1728,0
information,NN,1727,1
gameplay,NN,1726,0
please,VB,1719,0
most,RBS,1701,0
player,NN,1630,0
enemies,NNS,1619,1
words,NNS,1597,1
such,JJ,1576,0
win,VB,1549,1
devices,NNS,1542,1
using,VBG,1525,0
Terms,NNS,1520,1
THE,NNP,1480,0
see,VB,1472,1
Policy,NNP,1471,1
music,NN,1461,1
adventure,NN,1457,1
powerful,JJ,1451,1
New,NNP,1440,1
do,VBP,1426,0
easy,JJ,1420,1
application,NN,1417,1
Twitter,NNP,1416,1
including,VBG,1394,1
FREE,NNP,1391,1
weapons,NNS,1390,1
mobile,JJ,1373,1
use,NN,1371,1
kids,NNS,1359,1
action,NN,1357,1
want,VBP,1343,1
as,RB,1341,0
choose,VB,1333,1
so,RB,1331,0
screen,NN,1331,1
Features,NNS,1328,1
unlock,VB,1304,1
*,JJ,1298,0
full,JJ,1291,1
cards,NNS,1284,1
Policy,NN,1277,1
data,NNS,1270,1
version,NN,1267,1
great,JJ,1255,1
Facebook,NN,1240,1
Play,VB,1239,1
does,VBZ,1233,0
very,RB,1226,0
strategy,NN,1212,1
up,RB,1202,0
Privacy,NNP,1189,1
system,NN,1182,1
become,VB,1172,1
Use,NNP,1159,0
rewards,NNS,1158,1
poker,NN,1157,1
content,NN,1157,1
score,NN,1140,1
card,NN,1131,1
Service,NNP,1126,1
children,NNS,1110,1
Use,NN,1109,0
connection,NN,1105,1
A,NNP,1105,0
*,NN,1100,0
learn,VB,1092,1
online,NN,1092,1
keep,VB,1081,1
Please,NNP,1076,1
updates,NNS,1057,1
then,RB,1048,0
enjoy,VB,1048,1
create,VB,1043,1
simple,JJ,1039,1
Games,NNP,1038,1
love,VB,1034,1
number,NN,1034,1
been,VBN,1031,0
same,JJ,1027,0
're,VBP,1005,0
favorite,JJ,995,1
achievements,NNS,993,1
in-game,JJ,990,0
latest,JJS,989,1
settings,NNS,968,1
team,NN,964,1
first,JJ,960,1
board,NN,959,1
always,RB,957,1
save,VB,952,1
Bingo,NNP,949,1
modes,NNS,945,1
points,NNS,939,1
*,NNP,938,0
high,JJ,936,1
never,RB,935,1
additional,JJ,934,1
challenging,VBG,932,1
questions,NNS,929,1
well,RB,924,1
story,NN,921,1
note,NN,921,1
power,NN,915,1
access,NN,911,1
ultimate,JJ,911,1
US,NNP,911,1
YOUR,NNP,908,1
classic,JJ,907,1
hidden,JJ,906,1
Mode,NNP,902,1
addictive,JJ,897,1
phone,NN,892,1
button,NN,888,1
news,NN,886,1
battles,NNS,885,1
bonus,NN,884,1
back,RB,883,1
Games,NNPS,880,1
original,JJ,872,1
coins,NNS,871,1
enemy,NN,870,1
success,NN,870,1
],NNP,870,0
beautiful,JJ,868,1
>,NNP,865,0
brain,NN,864,1
down,RP,862,1
required,VBN,862,1
links,NNS,858,1
feature,NN,857,1
help,NN,856,1
TO,NNP,855,1
need,VBP,854,1
services,NNS,847,1
challenge,NN,846,1
life,NN,844,1
solve,VB,843,1
ads,NNS,839,1
try,VB,838,1
Battle,NNP,838,1
ready,JJ,837,1
completely,RB,836,1
off,RP,834,1
start,VB,832,1
extra,JJ,829,1
download,VB,829,1
Twitter,NN,829,1
color,NN,828,1
make,VBP,827,1
next,JJ,826,1
progress,NN,825,1
people,NNS,823,1
AND,NNP,822,0
Download,NNP,821,1
English,NNP,818,1
stars,NNS,814,1
based,VBN,813,1
User,NNP,811,1
together,RB,810,1
users,NNS,808,1
missions,NNS,807,1
today,NN,805,1
earn,VB,805,1
collect,VB,803,1
controls,NNS,802,1
day,NN,800,1
purchase,VB,800,1
character,NN,798,1
improve,VB,797,1
ever,RB,796,1
casino,NN,795,1
products,NNS,793,1
FEATURES,NNP,793,1
contact,VB,790,1
option,NN,790,1
problems,NNS,788,1
opponents,NNS,776,1
go,VB,773,1
style,NN,771,1
songs,NNS,766,1
License,NNP,763,1
Get,NNP,763,1
Collect,NNP,762,1
difficulty,NN,762,1
used,VBN,760,1
big,JJ,759,1
fun,JJ,759,1
allows,VBZ,758,1
play,VBP,755,1
order,NN,754,1
effects,NNS,753,1
multiplayer,NN,753,1
Privacy,NN,746,1
objects,NNS,746,1
multiple,JJ,740,1
possible,JJ,735,1
good,JJ,735,1
internet,NN,732,1
awesome,JJ,727,1
give,VB,727,1
App,NNP,726,0
challenges,NNS,725,1
played,VBN,724,1
city,NN,724,1
sure,JJ,721,1
build,VB,721,1
here,RB,721,1
worlds,NNS,719,1
personal,JJ,716,1
purchased,VBN,714,1
contains,VBZ,714,1
perfect,JJ,713,1
Follow,NNP,711,1
World,NNP,709,1
official,JJ,709,1
fan,NN,708,1
PLAY,NNP,707,1
defense,NN,706,1
virtual,JJ,704,1
everything,NN,704,1
Poker,NNP,703,1
types,NNS,701,1
share,NN,697,1
variety,NN,697,1
various,JJ,697,1
account,NN,697,1
*,VB,696,0
get,VBP,695,0
intended,VBN,692,1
letters,NNS,689,1
war,NN,687,1
events,NNS,687,1
hours,NNS,684,1
heroes,NNS,680,1
top,JJ,676,1
Easy,NNP,676,1
scores,NNS,675,1
was,VBD,671,1
love,VBP,670,1
combat,NN,666,1
suggestions,NNS,664,1
too,RB,663,1
buy,VB,660,1
monsters,NNS,659,1
exciting,VBG,656,1
hand,NN,656,1
Studios,NNP,656,1
Join,NNP,656,1
party,NN,655,1
gaming,NN,653,1
designed,VBN,652,1
tablet,NN,650,1
much,RB,649,1
slot,NN,649,1
Free,NNP,648,1
permission,NN,645,1
age,NN,644,1
right,JJ,643,1
Agreement,NNP,641,1
army,NN,638,1
family,NN,637,1
Fun,NNP,637,1
waiting,VBG,637,1
Super,NNP,637,1
challenge,VB,637,1
feedback,NN,635,1
complete,VB,632,1
requires,VBZ,632,1
hear,VB,629,1
takes,VBZ,626,1
privacy,NN,623,1
let,VB,623,1
able,JJ,622,1
abilities,NNS,620,1
terms,NNS,619,1
Do,VBP,617,1
apps,NN,617,1
GAME,NNP,615,1
Now,RB,612,1
More,JJR,612,1
child,NN,609,1
Word,NNP,595,1
network,NN,593,1
away,RB,592,1
everyone,NN,592,1
HD,NNP,591,0
educational,JJ,591,1
little,JJ,590,1
Unlock,NNP,588,1
send,VB,586,1
guess,VB,583,1
daily,JJ,581,1
quality,NN,580,1
purchase,NN,580,1
years,NNS,579,1
audience,NN,578,1
locations,NNS,578,1
Challenge,NNP,576,1
join,VB,576,1
third,JJ,575,1
tablets,NNS,575,1
know,VB,574,1
animals,NNS,573,1
popular,JJ,573,1
War,NNP,573,1
community,NN,572,1
design,NN,572,1
amazing,JJ,570,1
Best,NNP,570,1
leaderboards,NNS,561,1
really,RB,561,1
Support,NNP,559,1
Take,VB,558,1
exciting,JJ,558,1
Star,NNP,554,1
subject,JJ,551,1
governed,VBN,550,1
series,NN,541,1
better,JJR,540,1
Saga,NNP,540,1
WITH,NNP,540,0
bonuses,NNS,539,1
memory,NN,538,1
search,NN,537,1
sound,NN,537,1
colors,NNS,535,1
Heroes,NNP,534,1
others,NNS,532,1
hard,JJ,531,1
Use,VB,531,0
resources,NNS,530,1
old,JJ,527,1
do,VB,525,0
having,VBG,525,1
contain,VB,522,1
online,JJ,522,1
speed,NN,522,1
Storm8,NNP,521,0
FOR,NNP,521,1
least,JJS,521,1
art,NN,520,1
cool,JJ,519,1
explore,VB,519,1
going,VBG,518,1
fight,NN,517,1
certain,JJ,513,1
Get,VB,512,1
ability,NN,511,1
match,NN,509,1
numbers,NNS,507,1
Store,NNP,505,1
Solitaire,NNP,503,1
slots,NNS,500,1
control,NN,499,1
future,JJ,496,1
issues,NNS,496,1
policies,NNS,495,1
Just,NNP,495,1
single,JJ,495,1
languages,NNS,493,1
lots,NNS,493,1
Slots,NNP,493,1
FREE,JJ,492,1
space,NN,491,1
check,VB,489,1
addition,NN,489,1
feel,VB,488,1
Free,JJ,488,1
Mobile,NNP,487,1
difficult,JJ,487,1
Settings,NNP,487,1
follow,VB,486,1
downloading,VBG,486,1
includes,VBZ,484,1
tiles,NNS,484,1
moves,NNS,484,1
Vegas,NNP,484,1
OF,NNP,483,1
place,NN,483,1
food,NN,483,1
Inc.,NNP,481,0
fans,NNS,481,1
@,JJ,480,0
whole,JJ,480,1
zombies,NNS,479,1
epic,NN,478,1
select,JJ,477,1
hundreds,NNS,477,1
site,NN,477,1
lot,NN,475,1
obstacles,NNS,473,1
page,NN,473,1
Internet,NNP,473,1
Enjoy,NNP,472,1
All,NNP,472,1
require,VB,471,1
part,NN,470,1
need,VB,470,1
TRUE,JJ,467,0
Portuguese,NNP,465,1
've,VBP,464,0
Play,NN,464,1
Direct,JJ,462,1
features,VBZ,462,1
sounds,NNS,462,1
few,JJ,462,1
small,JJ,462,1
RPG,NNP,461,1
disable,VB,461,1
/,NNP,461,0
collection,NN,460,1
Texas,NNP,459,1
rooms,NNS,458,1
yet,RB,458,1
bubbles,NNS,456,1
much,JJ,456,1
tournaments,NNS,456,1
quiz,NN,456,1
Join,VB,454,1
hero,NN,454,1
opportunity,NN,453,1
map,NN,453,1
master,VB,452,1
touch,NN,452,1
video,NN,451,1
making,VBG,451,1
coming,VBG,449,1
offer,VB,449,1
global,JJ,449,1
Puzzle,NNP,448,1
huge,JJ,446,1
right,RB,445,1
Story,NNP,444,1
upgrade,VB,444,1
zombie,NN,444,1
Glu,NNP,443,1
show,VB,442,1
%,NN,442,0
piano,NN,442,1
phones,NNS,442,1
comments,NNS,441,1
reach,VB,441,1
again,RB,441,1
chips,NNS,440,1
advertising,NN,440,1
powers,NNS,440,1
soundtrack,NN,439,1
once,RB,439,1
NEW,NNP,439,1
media,NNS,438,1
prizes,NNS,438,1
skill,NN,436,1
Fight,NNP,436,1
higher,JJR,435,1
made,VBN,435,1
French,NNP,435,1
mission,NN,435,1
journey,NN,433,1
[,NNP,433,0
physics,NNS,432,1
object,NN,432,1
defeat,VB,432,1
Compete,NNP,432,1
rules,NNS,431,1
Visit,NNP,430,1
super,JJ,430,1
Run,NNP,430,1
list,NN,430,1
highest,JJS,428,1
Then,RB,427,1
Galaxy,NNP,427,1
pay,VB,425,1
problem,NN,425,1
looking,VBG,425,1
tower,NN,424,1
run,VB,423,1
complete,JJ,423,1
menu,NN,422,1
offers,VBZ,422,1
Casino,NNP,422,1
advertisements,NNS,421,1
Try,VB,420,1
last,JJ,419,1
Have,VBP,419,1
IN,NNP,417,1
machines,NNS,416,1
French,JJ,416,1
fight,VB,415,1
machine,NN,414,1
upgrades,NNS,414,1
Practice,NNP,414,1
download,NN,413,1
include,VB,412,1
come,VB,412,1
endless,JJ,411,1
Tap,NNP,411,1
bring,VB,411,1
being,VBG,409,1
realistic,JJ,408,1
Discover,NNP,407,1
playing,NN,406,1
mysterious,JJ,406,1
soon,RB,406,1
change,VB,406,1
discover,VB,406,1
Earn,NNP,405,1
TV,NN,404,1
want,VB,404,1
English,JJ,403,1
beat,VB,403,1
campaign,NN,402,1
videos,NNS,400,1
website,NN,399,1
friend,NN,399,1
watch,VB,398,1
name,NN,398,1
German,NNP,396,1
optional,JJ,396,1
turn,VB,395,1
mystery,NN,395,1
finger,NN,395,1
things,NNS,395,1
dont,VBP,394,1
So,RB,394,1
table,NN,393,1
Build,NNP,393,1
only,JJ,393,1
networking,NN,390,1
end,NN,390,1
dice,NN,389,1
Defense,NNP,389,1
PvP,NNP,389,1
evil,JJ,388,1
baby,NN,387,1
know,VBP,387,1
Multiplayer,NNP,387,1
password,NN,386,1
intuitive,JJ,386,1
Be,VB,384,1
move,VB,384,1
Cartoon,NNP,384,1
bosses,NNS,382,1
something,NN,381,1
secret,JJ,381,1
running,VBG,379,1
go,VBP,379,1
bingo,NN,378,1
Online,NNP,378,1
pick,VB,378,1
shooter,NN,377,1
stage,NN,376,1
pieces,NNS,375,1
Find,NNP,375,1
Thank,NNP,375,1
fast,RB,375,1
winning,VBG,374,1
gambling,VBG,374,1
comes,VBZ,374,1
far,RB,373,1
hints,NNS,373,1
legendary,JJ,373,1
challenging,JJ,373,1
exclusive,JJ,373,1
quickly,RB,373,1
millions,NNS,373,1
Spanish,NNP,372,1
Also,RB,371,1
Make,NNP,371,1
were,VBD,371,1
thousands,NNS,371,1
[,JJ,370,0
movie,NN,369,1
attack,NN,369,1
tips,NNS,369,1
visit,NN,368,1
tons,NNS,367,1
interface,NN,367,1
filled,VBN,367,1
find,VBP,365,1
user,NN,365,1
Kids,NNP,365,1
Choose,VB,364,1
customers,NNS,364,1
fighting,VBG,364,1
Mobiles,NNP,364,1
shooting,VBG,363,1
car,NN,362,1
learning,VBG,362,1
added,VBN,362,1
Spanish,JJ,362,1
line,NN,362,1
tap,VB,361,1
pictures,NNS,360,1
work,NN,359,1
fully,RB,359,1
attacks,NNS,359,1
add,VB,358,1
service,NN,357,1
City,NNP,357,1
opponent,NN,357,1
Social,NNP,357,1
kill,VB,356,1
*,VBP,355,0
fun,VBN,354,1
support,VB,354,1
increase,VB,354,1
LEGO,NNP,353,1
think,VBP,353,1
OS,NNP,353,1
Cookie,NNP,353,1
makes,VBZ,353,1
please,NN,352,1
gold,NN,351,1
top,NN,351,1
customize,VB,350,1
look,NN,349,1
King,NNP,349,1
alone,RB,349,1
already,RB,348,1
>,NN,348,0
like,VBP,347,1
chance,NN,347,1
Bonus,NNP,347,1
imply,VB,347,1
epic,JJ,346,1
Network,NNP,345,1
set,NN,345,1
room,NN,345,1
third-party,JJ,344,1
knowledge,NN,344,1
range,NN,344,1
still,RB,343,1
stop,VB,343,1
Choose,NNP,343,1
uses,VBZ,342,1
immersive,JJ,342,1
Connect,NNP,340,1
read,VB,340,1
unlock,JJ,340,1
rights,NNS,339,1
compete,VB,338,1
test,VB,337,1
easily,RB,336,1
animations,NNS,335,1
Dont,NNP,335,1
youre,NN,335,1
gambling,NN,334,1
anywhere,RB,334,1
Daily,NNP,334,1
@,NN,333,0
contact,NN,333,1
Full,NNP,333,1
put,VB,331,1
logo,NN,331,1
ages,NNS,331,1
song,NN,330,1
home,NN,330,1
US,NN,330,1
NOW,NNP,330,1
amount,NN,328,1
cities,NNS,328,1
environments,NNS,327,1
options,NNS,327,1
Russian,NNP,326,1
mobile,NN,326,1
letter,NN,325,1
visuals,NNS,325,1
avoid,VB,325,1
power-ups,NNS,324,1
kingdom,NN,324,1
Ninja,NNP,324,1
connect,VB,324,1
Wars,NNP,324,1
jump,NN,324,1
guns,NNS,324,1
candy,NN,323,1
picture,NN,323,1
important,JJ,323,1
created,VBN,322,1
earn,VBP,321,1
dozens,NNS,321,1
Entertainment,NNP,320,1
AI,NNP,318,1
got,VBD,318,1
side,NN,318,1
cash,NN,317,1
Search,NNP,316,1
star,NN,316,1
tables,NNS,315,1
elements,NNS,315,1
island,NN,315,1
develop,VB,314,1
visual,JJ,314,1
days,NNS,314,1
Help,NNP,313,1
Big,NNP,313,1
race,NN,312,1
blog,NN,312,1
colorful,JJ,312,1
cars,NNS,311,1
funny,JJ,311,1
deck,NN,311,1
development,NN,311,1
set,VBN,311,1
destroy,VB,310,1
rich,JJ,309,1
gorgeous,JJ,308,1
long,JJ,308,1
rare,JJ,308,1
inside,JJ,307,1
victory,NN,306,1
Great,NNP,306,1
following,JJ,306,1
real-time,JJ,305,1
most,JJS,304,1
adventures,NNS,304,1
Holdem,NNP,304,1
stunning,VBG,304,1
left,VBD,304,1
school,NN,303,1
main,JJ,303,1
Chinese,NNP,302,1
Classic,NNP,302,1
app,JJ,301,1
Time,NNP,301,1
hands,NNS,300,1
stages,NNS,300,1
experience,VB,300,1
towers,NNS,299,1
love,NN,298,1
policy,NN,298,1
data,NN,298,1
choice,NN,297,1
trade,NN,297,1
direct,JJ,297,1
famous,JJ,297,1
potential,JJ,296,1
needed,VBN,296,1
rate,NN,296,1
units,NNS,296,1
country,NN,295,1
wrong,JJ,295,1
quick,JJ,295,1
Hidden,NNP,294,1
empire,NN,293,1
Are,NNP,293,1
stunning,JJ,292,1
alliances,NNS,292,1
equipment,NN,292,1
Italian,JJ,292,1
Master,NNP,292,1
Zombie,NNP,292,1
tap,NN,291,1
weekly,JJ,290,1
German,JJ,290,1
anything,NN,290,1
Dice,NNP,289,1
quests,NNS,289,1
however,RB,289,1
However,RB,289,1
magical,JJ,289,1
Special,JJ,288,1
Italian,NNP,288,1
brand,NN,288,1
master,NN,288,1
base,NN,287,1
wide,JJ,287,1
Collection,NNP,287,1
Candy,NNP,286,1
details,NNS,285,1
FUN,NNP,285,1
versions,NNS,285,1
purposes,NNS,285,1
house,NN,285,1
tools,NNS,285,1
performance,NN,285,1
scoop,NN,284,1
language,NN,284,1
type,NN,283,1
goal,NN,283,1
long,RB,283,1
countries,NNS,283,1
trying,VBG,282,1
Create,NNP,282,1
maps,NNS,281,1
goes,VBZ,280,1
ways,NNS,280,1
Music,NNP,279,1
End,NNP,279,1
web,JJ,279,1
advanced,JJ,278,1
large,JJ,278,1
defend,VB,278,1
deep,JJ,278,1
escape,NN,278,1
delicious,JJ,278,1
conquer,VB,277,1
trailers,NNS,277,1
trademarks,NNS,277,1
info,NNS,277,1
Official,NNP,277,1
boss,NN,277,1
amazing,VBG,277,1
Leaderboards,NNP,277,1
sound,JJ,277,1
Magic,NNP,277,1
Features,NNP,276,1
location,NN,276,1
ON,NNP,276,1
>,JJ,276,0
mind,NN,276,1
buildings,NNS,275,1
set,VB,275,1
enhance,VB,275,1
voice,NN,275,1
Zynga,NNP,275,1
faster,RBR,275,1
times,NNS,275,1
Japanese,JJ,275,1
weapon,NN,275,1
Match,NNP,274,1
browse,VB,274,1
parents,NNS,274,1
getting,VBG,274,1
Win,NNP,274,1
interactive,JJ,274,1
packs,NNS,273,1
give,VBP,273,1
notes,NNS,273,1
massive,JJ,273,1
jump,VB,273,1
fashion,NN,273,1
gain,VB,272,1
MULTIPLAYER,NNP,272,1
fire,NN,272,1
Build,VB,272,1
grow,VB,271,1
remove,VB,271,1
supported,VBN,270,1
right,NN,270,1
gifts,NNS,270,1
Advertising,NN,270,1
Jump,NNP,270,1
creativity,NN,270,1
random,JJ,270,1
live,JJ,269,1
collect,VBP,268,1
night,NN,267,1
math,NN,267,1
optimized,VBN,267,1
Power,NNP,267,1
unlimited,JJ,266,1
active,JJ,266,1
Guess,NNP,265,1
sites,NNS,265,1
permissions,NNS,265,1
use,VBP,265,1
need,NN,264,1
prove,VB,264,1
Instagram,NNP,264,1
Arcade,NNP,264,1
head,NN,264,1
//www.gameloft.com/privacy-notice/Terms,NNS,264,0
store,NN,264,1
Check,VB,263,1
images,NNS,263,1
history,NN,263,1
Make,VB,262,1
water,NN,262,1
customer,NN,262,1
training,NN,262,1
Unique,NNP,261,1
control,VB,261,1
Rush,NNP,261,1
luck,NN,261,1
dynamic,JJ,260,1
Note,NN,259,1
totally,RB,259,1
castle,NN,259,1
girls,NNS,259,1
toddlers,NNS,258,1
take,VBP,258,1
Korean,NNP,258,1
Simple,NNP,258,1
continue,VB,257,1
troops,NNS,257,1
currency,NN,256,1
provide,VB,256,1
adult,NN,256,1
upcoming,NN,256,1
robots,NNS,256,1
universe,NN,255,1
survive,VB,255,1
select,VB,255,1
enough,RB,255,1
offline,NN,255,1
themes,NNS,255,1
intense,JJ,255,1
names,NNS,255,1
land,NN,254,1
lets,VBZ,254,1
stats,NNS,254,1
entire,JJ,253,1
Pocket,NNP,253,1
Developer,NNP,253,1
escape,VB,252,1
computer,NN,252,1
accessories,NNS,252,1
leaderboard,NN,252,1
//www.gameloft.comFollow,JJ,252,0
Beautiful,NNP,252,1
completing,VBG,251,1
deals,NNS,251,1
secrets,NNS,251,1
Complete,NNP,251,1
email,VB,250,1
strategic,JJ,250,1
email,NN,250,1
restaurant,NN,250,1
management,NN,250,1
person,NN,249,1
See,VB,249,1
test,NN,249,1
blocks,NNS,249,1
ones,NNS,249,1
Tower,NNP,249,1
there,RB,248,1
redirect,VB,247,1
websites,NNS,247,1
move,NN,247,1
YOU,NNP,247,1
allies,NNS,247,1
working,VBG,246,1
selection,NN,245,1
engine,NN,245,1
Rovio,NNP,245,1
gives,VBZ,245,1
Apps,NNP,245,1
match,VB,245,1
web,NN,245,1
//facebook.com/Gameloft,NN,244,0
@,VBZ,244,0
Best,JJS,244,0
//glft.co/GameloftonTwitter,NN,244,0
Las,NNP,243,1
needs,VBZ,243,1
highly,RB,243,1
Restaurant,NNP,243,1
stay,VB,243,1
price,NN,243,1
forces,NNS,243,1
detailed,JJ,243,1
Dragon,NNP,243,1
sweet,JJ,242,1
follow,VBP,242,1
roulette,NN,242,1
payment,NN,242,1
Choice,NNP,242,1
lead,VB,242,1
dangerous,JJ,242,1
entertainment,NN,241,1
absolutely,RB,241,1
puzzle,JJ,241,1
include,VBP,240,1
models,NNS,240,1
technology,NN,240,1
environment,NN,240,1
internet,JJ,240,1
creative,JJ,240,1
Island,NNP,240,1
item,NN,239,1
BEST,NNP,239,1
13.-,JJ,239,0
dark,JJ,239,1
receive,VB,239,1
Save,NNP,238,1
//glft.co/Gameloft_Official_Blog,NN,238,0
videos,NN,238,1
biggest,JJS,237,1
leader,NN,237,1
remember,VB,237,1
competition,NN,237,1
Pop,NNP,237,1
damage,NN,237,1
Adventure,NNP,237,1
gems,NNS,236,1
Award,NNP,236,1
protect,VB,236,1
PVP,NNP,235,0
simply,RB,234,1
solving,VBG,234,1
size,NN,234,1
***,JJ,234,0
upgrade,JJ,233,1
scenes,NNS,233,1
clues,NNS,233,1
High,NNP,233,1
fantastic,JJ,232,1
developed,VBN,232,1
restrict,VB,232,1
answers,NNS,232,1
lines,NNS,231,1
No,NNP,231,1
Dead,NNP,231,1
gun,NN,231,1
protection,NN,231,1
info,NN,231,1
enjoy,VBP,230,1
quest,NN,230,1
magic,NN,229,1
WORLD,NNP,229,1
members,NNS,228,1
Additional,JJ,228,1
young,JJ,228,1
titles.Check,NN,228,1
anyone,NN,228,1
magic,JJ,228,1
featuring,VBG,227,1
valuable,JJ,227,1
think,VB,227,1
function,NN,227,1
known,VBN,227,1
collecting,VBG,227,1
limited,JJ,226,1
gear,NN,226,1
dream,NN,226,1
disable,JJ,226,1
visit,VB,225,1
creatures,NNS,225,1
example,NN,225,1
Collection,NN,225,1
bill,NN,225,1
course,NN,224,1
ball,NN,224,1
allow,VB,224,1
armor,NN,224,1
work,VB,224,1
bubble,JJ,223,1
Only,RB,223,1
Become,VB,222,1
genre,NN,222,1
charges,NNS,222,1
Find,VB,222,1
modern,JJ,222,1
specific,JJ,222,1
creators,NNS,222,1
reserved,VBN,222,1
win,VBP,222,1
lost,VBN,222,1
buttons,NNS,222,1
vocabulary,JJ,222,1
supports,VBZ,221,1
Auto,NNP,221,1
open,JJ,221,1
nothing,NN,220,1
strong,JJ,220,1
see,VBP,220,1
apply,VB,220,1
NOTE,NN,220,1
FRIENDS,NNP,219,1
friendly,JJ,219,1
incredible,JJ,219,1
Google+,NNP,219,1
trademark,NN,218,1
future,NN,218,1
building,NN,217,1
combinations,NNS,217,1
Kingdom,NNP,217,1
Epic,NNP,217,1
Challenge,VB,217,1
tactical,JJ,217,1
MMO,NNP,217,1
Levels,NNP,216,1
look,VB,216,1
System,NNP,216,1
fast,JJ,215,1
Access,NNP,215,1
Arena,NNP,215,1
value,NN,215,1
seen,VBN,215,1
interesting,JJ,215,1
kind,NN,214,1
boosters,NNS,214,1
Explore,NNP,214,1
Birds,NNP,214,1
attention,NN,213,1
kinds,NNS,213,1
smartphones,NNS,213,1
United,NNP,213,1
York,NNP,212,1
casual,JJ,212,1
solitaire,NN,212,1
Learn,NNP,212,1
military,JJ,212,1
Angry,JJ,212,1
Agreement,NN,211,1
adults,NNS,211,1
directly,RB,211,1
Come,NNP,211,1
Dragons,NNP,210,1
Touch,NNP,210,1
Crush,NNP,210,1
called,VBN,210,1
makers,NNS,210,1
Inc,NNP,210,1
matches,NNS,210,1
round,NN,210,1
Share,NNP,210,1
sync,VB,209,1
train,VB,209,1
dead,JJ,209,1
basic,JJ,209,1
alliance,NN,209,1
treasure,NN,209,1
turn,NN,209,1
Dash,NNP,208,1
Enjoy,VB,208,1
Japanese,NNP,207,1
Mania,NNP,207,1
storage,NN,207,1
deadly,JJ,206,1
Fashion,NNP,206,1
bottom,NN,206,1
answer,NN,206,1
planet,NN,206,1
foes,NNS,206,1
first,RB,206,1
path,NN,206,1
older,JJR,205,1
dragon,NN,205,1
tracks,NNS,205,1
II,NNP,205,1
Gold,NNP,205,1
made,VBD,205,1
developer,NN,205,1
building,VBG,205,1
strategies,NNS,205,1
helps,VBZ,204,1
Complete,JJ,204,1
Team,NNP,204,1
YOU,NN,204,1
connected,VBN,204,1
armies,NNS,204,1
globe,NN,203,1
stronger,JJR,203,1
ice,NN,203,1
given,VBN,203,1
FACEBOOK,NNP,203,1
one,NN,203,1
happy,JJ,202,1
clear,JJ,202,1
shop,NN,202,1
Level,NNP,202,1
shapes,NNS,202,1
wonderful,JJ,202,1
touch,JJ,202,1
reviews,NNS,201,1
tactics,NNS,201,1
hotel,NN,201,1
BINGO,NNP,201,1
Start,NNP,201,1
battlefield,NN,201,1
brings,VBZ,201,1
toddler,NN,200,1
//www.rovio.com/eulaPrivacy,NN,200,1
come,VBP,200,1
Samsung,NNP,200,1
lives,NNS,200,1
carefully,RB,200,1
anytime,RB,200,1
limit,NN,200,1
local,JJ,199,1
dragons,NNS,199,1
found,VBN,199,1
boost,VB,199,1
Player,NNP,199,1
Be,NNP,199,1
MONOPOLY,NNP,199,1
page.-,JJ,198,1
forget,VB,198,1
crazy,JJ,198,1
waves,NNS,198,1
parties,NNS,198,1
consulted,VBN,198,1
soldiers,NNS,198,1
payer,NN,198,1
built,VBN,198,1
Bear,NNP,198,1
later,RB,197,1
run,VBP,197,1
loot,NN,197,1
issue,NN,197,1
makeup,NN,197,1
grid,NN,197,1
paid,VBN,196,1
effect,NN,196,1
areas,NNS,196,1
monster,NN,196,1
Force,NNP,196,1
depending,VBG,195,1
Club,NNP,195,1
download,VBP,195,1
//www.gameloft.com/eula/,NN,195,1
Upgrade,NNP,195,1
hope,VBP,195,1
innovative,JJ,195,1
Friends,NNP,195,1
Website,NNP,195,1
mechanics,NNS,194,1
survival,NN,194,1
Monster,NNP,194,1
combination,NN,194,1
expand,VB,194,1
Quiz,NNP,194,1
GAMES,NNP,194,1
warriors,NNS,194,1
Marvel,NNP,194,1
online,VBP,194,1
acceptance,NN,193,1
choose,VBP,193,1
traps,NNS,193,1
Go,NNP,193,1
random,NN,193,1
correct,JJ,193,1
studio,NN,193,1
advantage,NN,192,1
Bubble,NNP,192,1
MODE,NNP,192,1
please,JJ,192,1
sense,NN,192,1
In-app,JJ,192,1
greatest,JJS,192,1
marks,NNS,191,1
NO,NNP,191,1
several,JJ,191,1
show,NN,191,1
Available,JJ,191,1
Thanks,NNS,191,1
Visit,VB,191,1
thrilling,VBG,191,1
Pro,NNP,191,1
gaming,VBG,190,1
careful,JJ,190,1
town,NN,190,1
Contact,NNP,190,1
distinctive,JJ,190,1
Quest,NNP,190,1
finish,VB,190,1
Day,NNP,190,1
week,NN,189,1
Food,NNP,189,1
cute,NN,189,1
Draw,NNP,189,1
current,JJ,189,1
Card,NNP,189,1
guitar,NN,188,1
O2Jam,NNP,188,1
Collect,VB,188,1
vehicles,NNS,188,1
wheel,NN,188,1
regular,JJ,188,1
starts,VBZ,188,1
hit,NN,188,1
Dark,NNP,187,1
IGN,NNP,187,1
outfits,NNS,187,1
YouTube,NNP,187,1
Memory,NNP,187,1
partners.-,NN,187,1
categories,NNS,187,1
Design,NNP,187,1
Blast,NNP,187,1
controls,VBZ,186,1
platform,NN,186,1
runner,NN,186,1
sets,NNS,186,1
meet,VB,186,1
iconic,JJ,186,1
agree,VBP,186,1
pass,VB,186,1
bets,NNS,186,1
Players,NNS,185,1
product,NN,185,1
question,NN,185,1
Strategy,NNP,185,1
States,NNPS,185,1
partners,NNS,185,1
Daily,JJ,185,1
Even,RB,185,1
hair,NN,185,1
hint,NN,184,1
//www.gameloft.com/conditions/End,NN,184,1
technical,JJ,184,1
Age,NNP,184,1
restore,VB,184,1
Ice,NNP,184,1
air,NN,184,1
create,VBP,184,1
stories,NNS,184,1
racing,VBG,184,1
Amazing,NNP,184,1
Empire,NNP,183,1
Page,NN,183,1
Disney,NNP,183,1
Are,VBP,183,1
results,NNS,183,1
recommended,VBN,183,1
constantly,RB,182,1
Piano,NNP,182,1
tell,VB,182,1
travel,NN,181,1
Brazilian,JJ,181,1
//www.youtube.com/GameloftDiscover,VB,181,1
regarding,VBG,180,1
black,JJ,180,1
safe,JJ,180,1
FIND,NNP,180,1
daily,RB,180,1
await,VBP,180,1
Ball,NNP,180,1
Live,NNP,179,1
Experience,NNP,179,1
Dutch,NNP,179,1
Tablet,NNP,179,1
tile,NN,179,1
www.glu.com,NN,179,1
styles,NNS,179,1
achieve,VB,179,1
matching,VBG,179,1
recommend,VBP,178,1
offers,NNS,178,1
crush,VB,178,1
Grand,NNP,178,1
downloads,NNS,178,1
FOLLOW,NNP,178,1
track,NN,178,1
reward,NN,178,1
year,NN,178,1
Game,NN,178,1
Message,NN,178,1
Awesome,NNP,178,1
Endless,NNP,177,1
trivia,NN,177,1
Street,NNP,177,1
gets,VBZ,177,1
arcade,NN,177,1
cute,JJ,177,1
Boss,NNP,177,1
suitable,JJ,176,1
like,VB,176,1
Awards,NNP,175,1
Tee,NNP,175,1
bigger,JJR,175,1
link,VB,175,1
chat,NN,175,1
compare,VB,175,1
flying,VBG,175,1
doing,VBG,175,1
],NN,175,1
Permission,NN,175,1
activities,NNS,175,1
stuck,VBN,174,1
increasing,VBG,174,1
book,NN,174,1
Let,NNP,174,1
SEGA,NNP,174,1
Three,NNP,174,1
Words,NNP,174,1
update,NN,174,1
else,RB,173,1
RAM,NNP,173,1
retire,VB,173,1
Fast,NNP,173,1
Sonic,NNP,173,1
energy,NN,173,1
care,NN,173,1
seconds,NNS,172,1
hordes,NNS,172,1
leave,VB,172,1
automatically,RB,172,1
Menu,NNP,172,1
Please,VB,172,1
Create,VB,172,1
mini,NN,172,1
fingers,NNS,172,1
worry,VB,172,1
corner,NN,172,1
swipe,NN,172,1
channel,NN,172,1
birds,NNS,172,1
thing,NN,172,1
MORE,JJR,171,1
minutes,NNS,171,1
added,VBD,171,1
My,NNP,171,1
practice,NN,171,1
Achievements,NNS,171,1
enough,JJ,171,1
especially,RB,171,1
moment,NN,170,1
jungle,NN,170,1
improving,VBG,170,1
Email,NNP,170,1
ABOUT,NNP,170,1
instead,RB,170,1
role,NN,170,1
VISIT,NNP,170,1
fast-paced,JJ,170,1
FPS,NNP,170,1
perfect,NN,170,1
playable,JJ,169,1
assistance,NN,169,1
road,NN,169,1
start,VBP,169,1
conditions,NNS,169,1
box,NN,169,1
open,VB,169,1
point,NN,169,1
Stars,NNP,168,1
America,NNP,168,1
form,NN,168,1
movements,NNS,168,1
titles,NNS,168,1
down,RB,168,1
level,VB,168,1
dance,NN,168,1
candies,NNS,168,1
company,NN,168,1
miss,VB,168,1
platforms,NNS,168,1
maximum,JJ,168,1
carrier,NN,168,1
better,RBR,168,1
***,NNP,167,0
Intuitive,NNP,167,1
strength,NN,167,1
extremely,RB,167,1
setting,VBG,167,1
Hunter,NNP,167,1
requests,NNS,167,1
growing,VBG,167,1
means,VBZ,166,1
Black,NNP,166,1
boys,NNS,166,1
looks,VBZ,165,1
friends,VBZ,165,1
youll,RB,165,1
job,NN,165,1
Journey,NNP,165,1
Dress,NNP,165,1
clothes,NNS,164,1
[,NN,164,0
Consumer,NNP,164,1
icon,NN,164,1
alive,JJ,164,1
Space,NNP,164,1
Watch,VB,164,1
CHALLENGE,NNP,164,1
adjusting,VBG,164,1
Go,VB,164,1
http,JJ,164,1
movies,NNS,163,1
properties,NNS,163,1
dungeons,NNS,163,1
help,VBP,163,1
dungeon,NN,163,1
moments,NNS,163,1
suits,NNS,163,1
enter,VB,163,1
Family,NNP,163,1
defenses,NNS,163,1
**,JJ,163,0
fruit,NN,162,1
provides,VBZ,162,1
Beat,NNP,162,1
setup,NN,162,1
shoot,VB,162,1
collect,JJ,162,1
say,VB,162,1
unleash,VB,162,1
surprise,NN,162,1
Achievements,NNP,162,1
atTwitter,NN,162,1
Enter,NNP,162,1
mini-games,NNS,162,1
human,JJ,162,1
identify,VB,162,1
giving,VBG,162,1
beforehand,NN,162,1
call,VB,161,1
direction,NN,161,1
Halloween,NNP,161,1
short,JJ,161,1
step,NN,161,1
sign,NN,160,1
rifles,NNS,160,1
arsenal,NN,160,1
Meet,NNP,160,1
jewels,NNS,160,1
Add,NNP,160,1
kid,NN,160,1
backgrounds,NNS,160,1
perform,VB,160,1
award-winning,JJ,160,1
shown,VBN,159,1
experiences,NNS,159,1
SONIC,NNP,159,1
smart,JJ,159,1
tricks,NNS,159,1
Diamond,NNP,159,1
similar,JJ,159,1
tricky,JJ,159,1
Follow,VBP,159,1
less,JJR,159,1
hidden,NN,158,1
group,NN,158,1
all-new,JJ,158,1
directions,NNS,158,1
beautifully,RB,158,1
Spades,NNP,158,1
review,NN,158,1
rhythm,NN,158,1
persistent,JJ,158,1
ParentsThis,NNP,158,1
PIN,NNP,157,1
Attack,NNP,157,1
health,NN,157,1
date,NN,157,1
Group,NNP,157,1
mix,NN,157,1
Gamer,NNP,157,1
symbols,NNS,157,1
Keep,VB,157,1
second,JJ,157,1
BATTLE,NNP,157,1
destruction,NN,156,1
optimal,JJ,156,1
EA,NNP,156,1
***,NN,156,0
beginners,NNS,156,1
posted,VBD,156,1
Upgrade,VB,156,1
musical,JJ,156,1
NOTE,NNP,156,1
@,VBP,156,0
someone,NN,156,1
Nexus,NNP,155,1
band,NN,155,1
fights,NNS,155,1
RTS,NNP,155,1
surprises,NNS,155,1
Customer,NNP,155,1
cost,NN,155,1
Tons,NNS,155,1
Shoot,NNP,155,1
tasks,NNS,155,1
definitely,RB,155,1
Try,NNP,154,1
preschool,NN,154,1
imagination,NN,154,1
WIN,NNP,154,1
stores,NNS,154,1
treasures,NNS,154,1
ingredients,NNS,154,1
practices,NNS,154,1
audio,NN,154,1
Real,JJ,154,1
profile,NN,154,1
accessible,JJ,153,1
force,NN,153,1
robot,NN,153,1
king,NN,153,1
Rummy,NNP,153,1
reveal,VB,153,1
G5,NNP,153,1
kitchen,NN,153,1
chapters,NNS,152,1
artists,NNS,152,1
claim,VB,152,1
Craft,NNP,152,1
animation,NN,152,1
stylish,JJ,152,1
Various,JJ,152,1
increasingly,RB,152,1
gamers,NNS,152,1
Become,NNP,152,1
leave,VBP,151,1
networks,NNS,151,1
ALL,NNP,151,1
climb,VB,151,1
Snake,NNP,151,1
greater,JJR,151,1
Hasbro,NNP,151,1
row,NN,151,1
obtain,VB,151,1
cartoon,NN,151,1
rest,NN,151,1
COLLECT,NNP,151,1
easier,JJR,151,1
Hero,NNP,151,1
parts,NNS,151,1
selected,VBN,151,1
challenges,VBZ,151,1
goals,NNS,151,1
lands,NNS,151,1
resolution,NN,150,1
aware,JJ,150,1
Farm,NNP,150,1
inspired,VBN,150,1
Spin,NNP,150,1
simulation,NN,150,1
places,NNS,150,1
necessary,JJ,150,1
fantasy,NN,150,1
form,VB,150,1
learn,VBP,150,1
suit,VB,150,1
break,VB,150,1
Board,NNP,150,1
connectivity,NN,150,1
islands,NNS,149,1
Mahjong,NNP,149,1
Multiple,NNP,149,1
evolve,VB,149,1
notice,RB,149,1
offline,JJ,149,1
diverse,JJ,149,1
Jungle,NNP,149,1
ahead,RB,148,1
Dots,NNP,148,1
lose,VB,148,1
spells,NNS,148,1
train,NN,148,1
notifications,NNS,148,1
PC,NN,148,1
Clash,NNP,148,1
suit,NN,148,1
Om,NNP,148,1
Hundreds,NNS,148,1
Indie,NNP,148,1
girl,NN,148,1
fresh,JJ,147,1
consider,VB,147,1
case,NN,147,1
hotels,NNS,147,1
Adventure,NN,147,1
Offline,NNP,147,1
WiFi,NNP,147,1
switch,VB,147,1
Having,VBG,147,1
Swipe,NNP,147,1
sniper,NN,147,1
champion,NN,147,1
Support,NN,146,1
EPIC,NNP,146,1
ideas,NNS,146,1
S,NNP,146,0
alike,RB,146,1
Math,NNP,146,1
Walking,NNP,146,1
Available,NNP,146,1
intelligence,NN,146,1
site.Privacy,NN,145,1
prizes,NN,145,1
boosts,NNS,145,1
drawing,VBG,145,1
Classic,JJ,145,1
attack,VB,145,1
Contact,VB,145,1
statistics,NNS,145,1
plenty,NN,145,1
affiliates,NNS,145,1
Royal,NNP,145,1
walls,NNS,145,1
task,NN,145,1
Mo,NNP,145,1
worldwide,VBP,145,1
babies,NNS,145,1
Heroes,NNS,145,1
larger,JJR,145,1
Ltd.,NNP,145,1
glumobilefacebook.com/glumobile,NN,145,1
Hundreds,NNP,144,1
Buy,NNP,144,1
Games,NNS,144,1
+,JJ,144,1
Sound,NNP,144,1
moving,VBG,144,1
thrill,NN,144,1
assault,NN,144,1
Media,NNP,143,1
Global,NNP,143,1
Queen,NNP,143,1
theme,NN,143,1
creating,VBG,143,1
bit,NN,143,1
Solve,NNP,143,1
IT,NNP,143,1
generated,VBN,143,1
contains,NNS,143,1
Customize,NNP,143,1
Boo,NNP,143,1
spin,NN,143,1
ranks,NNS,142,1
addicting,VBG,142,1
Customize,VB,142,1
galaxy,NN,142,1
heart,NN,142,1
villains,NNS,142,1
Invite,NNP,142,1
had,VBD,142,1
helping,VBG,142,1
hot,JJ,142,1
Mini,NNP,142,1
research,NN,142,1
ad,NN,142,1
Stickman,NNP,142,1
Russian,JJ,141,1
over,RP,141,1
sounds,VBZ,141,1
fantasy,JJ,141,1
Stay,NNP,141,1
fighting,NN,141,1
Guild,NNP,141,1
photo,NN,141,1
Stunning,VBG,141,1
Life,NNP,141,1
subsequent,JJ,140,1
flight,NN,140,1
N,NNP,140,0
roll,NN,140,1
[,VB,140,0
Challenges,NNP,140,1
analytics,NNS,140,1
come,VBN,140,1
solution,NN,140,1
general,JJ,140,1
restaurants,NNS,140,1
artwork,NN,139,1
Every,NNP,139,1
ship,NN,139,1
TIME,NNP,139,1
ships,NNS,139,1
MORE,NNP,139,1
contents,NNS,139,1
mysteries,NNS,139,1
starting,VBG,139,1
Will,NNP,139,1
agreeing,VBG,139,1
enable,JJ,139,1
Wizard,NNP,139,1
state,NN,139,1
Fiete,NNP,138,1
Allows,VBZ,138,1
photos,NNS,138,1
Want,VBP,138,1
final,JJ,138,1
compatible,JJ,138,1
apply.FOLLOW,VB,138,0
chapter,NN,138,1
Baby,NNP,138,1
place,VB,138,1
blast,NN,138,1
EAs,NNP,138,1
Dance,NNP,137,1
Pinball,NNP,137,1
fix,VB,137,1
Shop,NNP,137,1
release,NN,137,1
Requires,VBZ,137,1
fruits,NNS,137,1
red,JJ,137,1
try,NN,137,1
double,JJ,137,1
message,NN,137,1
upper,JJ,137,1
start,NN,137,1
fine,JJ,137,1
Help,VB,137,1
distinct,JJ,137,1
Reserved,NNP,137,1
decorations,NNS,137,1
smooth,JJ,136,1
dash,NN,136,1
boards,NNS,136,1
Drum,NNP,136,1
mini,JJ,136,1
ups,NNS,136,1
responsible,JJ,136,1
spins,NNS,136,1
Sniper,NNP,136,1
competitive,JJ,136,1
hearts,NNS,136,1
draw,VB,136,1
major,JJ,135,1
entertaining,VBG,135,1
needs,NNS,135,1
updated,VBN,135,1
costumes,NNS,135,1
glory,NN,135,1
Gun,NNP,135,1
quite,RB,135,1
Put,VB,135,1
simple,NN,135,1
unique,NN,135,1
Double,NNP,134,1
screen,JJ,134,1
sky,NN,134,1
stuff,NN,134,1
//play.google.com/store/apps/dev,NN,134,0
ground,NN,134,1
dishes,NNS,134,1
suggestion,NN,134,1
target,NN,134,1
Jackpot,NNP,134,1
Monsters,NNP,133,1
enable,VB,133,1
designs,NNS,133,1
teams,NNS,133,1
exotic,JJ,133,1
Chat,NNP,133,1
Sony,NNP,133,1
custom,NN,133,1
rivals,NNS,133,1
balls,NNS,133,1
challenging,NN,133,1
Do,VB,133,1
THANK,NN,133,1
drum,NN,133,1
Show,NNP,133,1
NOT,NNP,132,1
Chef,NNP,132,1
fate,NN,132,1
Pokmon,NNP,132,1
twist,NN,132,1
member,NN,132,1
LEVELS,NNP,132,1
eye,NN,132,1
ensure,VB,131,1
odds,NNS,131,1
feed,VB,131,1
Ads,NNP,131,1
run,NN,131,1
Brain,NNP,131,1
serve,VB,131,1
fellow,JJ,131,1
Pig,NNP,131,1
around,RB,131,1
regularly,RB,131,1
Nom,NNP,131,1
hit,VBD,130,1
intended,VBD,130,1
license,NN,130,1
Realistic,JJ,130,1
cat,NN,130,1
Is,VBZ,130,1
aim,NN,130,1
Here,RB,130,1
currently,RB,130,1
Swedish,NNP,130,1
buying,VBG,130,1
thinking,NN,129,1
combos,NNS,129,1
PLEASE,NNP,129,1
dark,NN,129,1
face,VB,129,1
runs,VBZ,129,1
ancient,JJ,129,1
Do,NNP,129,1
customizable,JJ,129,1
spend,VB,128,1
say,VBP,128,1
crafted,VBN,128,1
Let,VB,128,1
beauty,NN,128,1
Cloud,NNP,128,1
hello,NN,128,1
trouble,NN,128,1
storyline,NN,128,1
unlock,VBP,128,1
Dominoes,NNP,128,1
Leaderboard,NNP,128,1
operations,NNS,127,1
Easily,RB,127,1
Fire,NNP,127,1
TutoTOONS,NNP,127,1
area,NN,127,1
disabling,VBG,127,1
respond,VB,127,1
Different,NNP,127,1
taking,VBG,127,1
thanks,NNS,127,1
business,NN,127,1
Rights,NNPS,127,1
Official,JJ,127,1
wild,JJ,127,1
wisely,RB,127,1
total,JJ,126,1
install,VB,126,1
Love,NNP,126,1
write,VB,126,1
connect,VBP,126,1
door,NN,126,1
favourite,JJ,126,1
controller,NN,126,1
wireless,NN,126,1
Edition,NNP,126,1
Keep,NNP,126,1
everywhere,RB,126,1
+,NNP,125,0
face,NN,125,1
offer,VBP,125,1
Drag,NNP,125,1
premium,JJ,125,1
Veemee,NNP,125,1
face,VBP,125,1
Find,VBP,125,1
House,NNP,125,1
animal,JJ,125,1
nice,JJ,125,1
Winner,NNP,125,1
professional,JJ,125,1
GAMEPLAY,NNP,125,1
Amazing,JJ,125,1
ARE,NNP,125,1
newsletter,NN,124,1
common,JJ,124,1
anytime,NN,124,1
hidden,VBN,124,1
rank,NN,124,1
Ladder,NNP,124,1
allow,VBP,124,1
ask,VB,124,1
Your,NNP,124,1
Survival,NNP,124,1
collects,VBZ,124,1
grab,VB,123,1
Simple,JJ,123,1
wins,NNS,123,1
clear,VB,123,1
touch,VB,123,1
matter,NN,123,1
clever,NN,123,1
numerous,JJ,123,1
digital,JJ,123,1
focus,VB,123,1
death,NN,123,1
memories,NNS,123,1
Puzzles,NNP,123,1
avatars,NNS,123,1
SD,NNP,122,1
Up,NNP,122,1
Knights,NNP,122,1
progress,VBP,122,1
territory,NN,122,1
longer,JJR,122,1
included,VBN,122,1
spelling,VBG,122,1
Spider,NNP,122,1
position,NN,122,1
spectacular,JJ,122,1
category,NN,122,1
included,VBD,121,1
action-packed,JJ,121,1
bases,NNS,121,1
win,NN,121,1
truly,RB,121,1
according,VBG,121,1
pop,NN,121,1
Editor,NNP,121,1
U,NNP,121,1
APP,NNP,121,1
adorable,JJ,121,1
objectives,NNS,121,1
Many,JJ,121,1
bad,JJ,120,1
giant,JJ,120,1
personalize,VB,120,1
treats,NNS,120,1
rescue,VB,120,1
prison,NN,120,1
BANDAI,NNP,120,1
Panda,NNP,120,1
Download,NN,120,1
survivors,NNS,120,1
participate,VB,120,1
Slot,NNP,120,1
coin,NN,119,1
Designed,VBN,119,1
VIP,NNP,119,1
Hard,NNP,119,1
loves,VBZ,119,1
key,JJ,119,1
warfare,NN,119,1
invite,VB,119,1
childhood,NN,119,1
creator,NN,119,1
key,NN,119,1
wants,VBZ,119,1
smartphone,NN,119,1
Year,NNP,119,1
classes,NNS,119,1
excitement,NN,119,1
strongest,JJS,119,1
Phone,NNP,119,1
learning,NN,118,1
killing,VBG,118,1
did,VBD,118,1
Face,NNP,118,1
transfer,NN,118,1
Good,JJ,118,1
push,VB,118,1
plays,VBZ,118,1
crossword,NN,118,1
planets,NNS,118,1
independent,JJ,118,1
YOUR,JJ,118,1
Climb,NNP,117,1
*,VBD,117,0
arcade,JJ,117,1
stakes,NNS,117,1
Defeat,NNP,117,1
quiz,JJ,117,1
NEW,JJ,117,1
field,NN,117,1
Simplified,NNP,117,1
period,NN,117,1
perfectly,RB,117,1
market,NN,117,1
reach,VBP,117,1
Experience,NN,117,1
jackpot,NN,117,1
Learn,VB,117,1
actual,JJ,117,1
Test,NNP,117,1
devastating,VBG,117,1
pixel,NN,116,1
UNIQUE,NNP,116,1
delete,VB,116,1
farm,NN,116,1
laws,NNS,116,1
almost,RB,116,1
Red,NNP,116,1
Dungeon,NNP,116,1
sequel,NN,116,1
Top,JJ,116,1
camera,NN,116,1
randomly,RB,116,1
Original,NNP,116,1
eyes,NNS,116,1
Escape,NNP,116,1
Information,NNP,116,1
Take,NNP,115,1
Travel,NNP,115,1
rating,NN,115,1
Networks,NNP,115,1
READ_PHONE_STATE,NNP,115,1
Slide,NNP,115,1
back,RP,115,1
impossible,JJ,115,1
Services,NNPS,115,1
Simply,NNP,115,1
Compare,NNP,115,1
choices,NNS,115,1
Version,NNP,115,1
Kill,NNP,115,1
Command,NNP,114,1
title,NN,114,1
killer,NN,114,1
arena,NN,114,1
Perfect,NNP,114,1
piece,NN,114,1
Speed,NNP,114,1
background,NN,114,1
sword,NN,114,1
released,VBN,114,1
external,JJ,114,1
trip,NN,114,1
completed,VBN,114,1
communicate,VB,114,1
streets,NNS,114,1
Castle,NNP,114,1
dont,JJ,114,0
motor,NN,113,1
logos,NNS,113,1
integration,NN,113,1
Once,RB,113,1
NAMCO,NNP,113,1
Story,NN,113,1
shoes,NNS,113,1
brands,NNS,113,1
update,VB,113,1
rewarded,VBN,113,1
becomes,VBZ,113,1
identifiers,NNS,113,1
difficulties,NNS,113,1
connect,NN,113,1
Action,NNP,113,1
live,VBP,112,1
adventurous,JJ,112,1
either,RB,112,1
become,VBP,112,1
youll,NN,112,1
princess,NN,112,1
fight,VBP,112,1
Other,JJ,112,1
competitors,NNS,112,1
>,VBP,112,0
works,VBZ,112,1
JOIN,NNP,112,1
prevent,VB,112,1
useful,JJ,112,1
Sign,NNP,112,1
provide,VBP,112,1
low,JJ,112,1
Gaming,NNP,112,1
bingo,JJ,112,1
show,VBP,112,1
started,VBD,112,1
feel,NN,112,1
following,VBG,112,1
Stratego,NNP,112,1
bug,NN,112,1
hungry,JJ,111,1
Matches,NNP,111,1
press,NN,111,1
episodes,NNS,111,1
Alliance,NNP,111,1
realm,NN,111,1
pigs,NNS,111,1
recipes,NNS,111,1
avatar,NN,111,1
applications,NNS,111,1
guide,VB,111,1
shot,NN,111,1
Tap,VB,111,1
files,NNS,110,1
serious,JJ,110,1
Jelly,NNP,110,1
drop,VB,110,1
correctly,RB,110,1
Gameplay,NNP,110,1
pirates,NNS,110,1
Lets,NNP,110,1
Jedi,NNP,110,1
TabTale,NNP,110,1
combos,NN,110,1
levels-,JJ,110,1
fish,NN,110,1
contact,JJ,110,1
join,NN,110,1
motion,NN,109,1
FOLLOW,VBP,109,1
tap,VBD,109,1
Water,NNP,109,1
forest,JJS,109,1
hunting,VBG,109,1
See,NNP,109,1
unlocking,VBG,109,1
WATCH,NNP,109,1
Bubble,JJ,109,1
endless,NN,109,1
C,NNP,109,0
First,NNP,109,1
combined,VBN,108,1
installing,VBG,108,1
Style,NNP,108,1
away,RP,108,1
Quick,NNP,108,1
FROM,NNP,108,1
enjoyed,VBN,108,1
EU,NNP,108,1
decorate,VB,108,1
wars,NNS,108,1
eat,VB,108,1
developers,NNS,108,1
Co.,NNP,108,1
heavy,JJ,108,1
forward,RB,108,1
light,NN,108,1
childrens,NNS,108,1
often,RB,108,1
previous,JJ,108,1
jewel,NN,108,1
slow,JJ,108,1
block,NN,108,1
exactly,RB,108,1
gmail.com,NN,108,0
done,VBN,107,0
touching,VBG,107,1
throne,NN,107,1
cool,NN,107,1
'm,VBP,107,0
evil,NN,107,1
Not,RB,107,1
Must,NNP,107,1
Block,NNP,107,1
Smooth,NNP,107,1
scenarios,NNS,107,1
Garfield,NNP,107,1
finally,RB,107,1
plan,NN,107,1
joy,NN,107,1
lower,JJR,107,1
ABC,NNP,107,1
finding,VBG,107,1
toys,NNS,107,1
EXPERIENCE,NNP,106,1
drop,NN,106,1
Room,NNP,106,1
Fortune,NNP,106,1
saved,VBN,106,1
free-to-play,JJ,106,0
families,NNS,106,1
wait,VB,106,1
instruments,NNS,106,1
Granny,NNP,106,1
Location,NNP,106,1
Top,NNP,106,1
boxes,NNS,106,1
updates,VBZ,106,1
Wi-Fi,NNP,106,0
movement,NN,106,1
clan,NN,106,1
hits,NNS,106,1
Line,NNP,106,1
Log,NNP,106,1
quirky,JJ,106,1
tanks,NNS,106,1
UNLOCK,NNP,106,1
guild,NN,106,1
flowers,NNS,106,1
registered,JJ,105,1
Memory,NN,105,1
applicable,JJ,105,1
FEATURES,NN,105,1
Modes,NNP,105,1
~,NN,105,0
Outfit7,NNP,105,1
Playing,VBG,105,1
Have,NNP,105,1
inquiries.EA,NN,105,1
guess,NN,105,1
AN,NNP,105,1
shoot,NN,105,1
facebook,NN,105,1
packed,VBD,105,1
comics,NNS,105,1
raise,VB,105,1
toy,NN,105,1
lists,NNS,105,1
manage,NN,105,1
Blitz,NNP,105,1
office,NN,105,1
screens,NNS,105,1
visiting,VBG,105,1
International,NNP,105,1
freedom,NN,105,1
Lots,NNP,105,1
purchasing,VBG,105,1
real-time,NN,105,1
GRAPHICS,NNP,105,1
Flow,NNP,105,1
am,VBP,105,0
tale,NN,104,1
ranging,VBG,104,1
Wan,NNP,104,1
theres,VBZ,104,1
wish,VB,104,1
aid,VB,104,1
Wheel,NNP,104,1
turns,NNS,104,1
instantly,RB,104,1
Android.Use,NNP,104,1
chain,NN,104,1
upcoming,JJ,104,1
brought,VBN,104,1
fastest,JJS,104,1
level,VBP,104,1
EASY,NNP,104,1
ONLINE,NNP,104,1
played,VBD,104,1
changes,NNS,103,1
shape,NN,103,1
continuously,RB,103,1
require,VBP,103,1
High,JJ,103,1
Papa,NNP,103,1
animated,JJ,103,1
Based,VBN,103,1
Turkish,NNP,103,1
appears,VBZ,103,1
Color,NNP,103,1
dress,NN,103,1
Various,NNP,103,1
tapping,VBG,103,1
Cut,NNP,103,1
track,VB,103,1
complete,VBP,103,1
earth,NN,103,1
fairy,JJ,103,1
cant,VBP,103,1
Beautiful,JJ,103,1
tasty,JJ,103,1
shows,VBZ,103,1
Sometimes,RB,103,1
Legend,NNP,103,1
model,NN,103,1
//play.google.com/store/apps/details,NNS,103,0
fabulous,JJ,103,1
hard,RB,103,1
balance,NN,103,1
precious,JJ,103,1
Pick,NNP,102,1
rounds,NNS,102,1
bird,NN,102,1
crime,NN,102,1
watching,VBG,102,1
knights,NNS,102,1
Us,NNP,102,1
patterns,NNS,102,1
Easy,JJ,102,1
status,NN,102,1
before,RB,102,1
Guide,NNP,102,1
authentic,JJ,102,1
Sky,NNP,102,1
Recruit,NNP,102,1
leading,VBG,102,1
Clan,NNP,102,1
trick,NN,102,1
chances,NNS,102,1
Never,NNP,102,1
Burger,NNP,102,1
unlock,NN,102,1
spot,NN,102,1
equip,VB,102,1
enabled,VBN,102,1
click,NN,101,1
~,JJ,101,0
further,JJ,101,1
rankings,NNS,101,1
improvements,NNS,101,1
Supplemental,NNP,101,1
call,NN,101,1
skin,NN,101,1
youve,NN,101,1
scene,NN,101,1
www.facebook.com/g5games,NNS,101,0
pirate,NN,101,1
description,NN,101,1
bright,JJ,100,1
Purchases,NNS,100,1
legend,NN,100,1
plants,NNS,100,1
vehicle,NN,100,1
puzzles,VBZ,100,1
enemy,JJ,100,1
balloons,NNS,100,1
rule,NN,100,1
ranges,NNS,100,1
Governor,NNP,100,1
Questions,NNS,100,1
riddles,NNS,100,1
try,VBP,100,1
Everyone,NN,100,1
cooking,NN,100,1
kingdoms,NNS,100,1
Special,NNP,100,1
quest,JJS,100,1
record,VB,100,1
impressive,JJ,100,1
Guitar,NNP,100,1
left,NN,99,1
adding,VBG,99,1
display,NN,99,1
Site,NNP,99,1
credits,NNS,99,1
match-3,JJ,99,0
Wild,NNP,99,1
honor,NN,99,1
shooting,NN,99,1
era,NN,99,1
AWESOME,NNP,99,1
section,NN,99,1
items.Use,NN,99,0
unstoppable,JJ,99,1
Feel,NNP,99,1
enjoyable,JJ,99,1
SOCIAL,NNP,99,1
sizes,NNS,99,1
/,JJ,99,0
cause,VB,99,1
process,NN,99,1
retro,JJ,99,1
ranking,NN,99,1
forest,NN,99,1
Already,RB,99,1
Train,VB,99,1
fortune,NN,99,1
aircraft,NN,99,1
visit,VBP,99,1
throwing,VBG,99,1
Hollywood,NNP,98,1
OR,NNP,98,1
fill,VB,98,1
normal,JJ,98,1
Challenging,NNP,98,1
Gorgeous,JJ,98,1
materials,NNS,98,1
Video,NNP,98,1
incredibly,RB,98,1
faster,JJR,98,1
overcome,VB,98,1
updating,VBG,98,1
Look,VB,98,1
Birds,NNS,98,1
property,NN,98,1
Ninjas,NNP,98,1
twitter,NN,98,1
feel,VBP,98,1
//www.gameloft.com/eula/,JJ,98,0
Score,NNP,98,1
programs,NNS,98,1
Just,RB,98,1
dress,VB,98,1
remaining,VBG,98,1
bugs,NNS,98,1
build,VBP,98,1
banner,NN,97,1
minimum,JJ,97,1
AMAZING,NNP,97,1
ranking,VBG,97,1
Corporation,NNP,97,1
determine,VB,97,1
Shuffle,NNP,97,1
nails,NNS,97,1
Prison,NNP,97,1
ninja,NN,97,1
interest,NN,97,1
pets,NNS,97,1
BONUS,NNP,97,1
mighty,NN,97,1
fighters,NNS,97,1
Hours,NNP,97,1
pace,NN,97,1
FAQ,NNP,97,1
Lep,NNP,96,1
Trivia,NNP,96,1
meter,NN,96,1
exercise,VB,96,1
collected,VBN,96,1
floor,NN,96,1
Dynamic,NNP,96,1
setting,NN,96,1
genres,NNS,96,1
TD,NNP,96,1
How,NNP,96,1
ID,NNP,96,1
entertaining,JJ,96,1
Fu,NNP,96,1
battles,VBZ,96,1
bakery,NN,96,1
cases,NNS,96,1
review,VB,96,1
trigger,VB,96,1
wont,VBP,96,1
acting,VBG,96,1
wifi,NN,96,1
rush,NN,96,1
post,VB,96,1
forget,NN,96,1
app,VBZ,96,1
engaging,VBG,96,1
FIGHT,NNP,95,1
command,NN,95,1
toilet,NN,95,1
Drop,NNP,95,1
guard,NN,95,1
cognitive,JJ,95,1
education,NN,95,1
watch,NN,95,1
STUDIOS,NNP,95,1
Rock,NNP,95,1
requirements,NNS,95,1
payouts,NNS,95,1
Permissions,NNS,95,1
man,NN,95,1
Latin,NNP,95,1
Random,NNP,95,1
REAL,NNP,95,1
Park,NNP,95,1
www.youtube.com/g5enter,NN,95,0
League,NNP,95,1
pages,NNS,95,1
castles,NNS,95,1
buddies,NNS,95,1
USB,NNP,95,1
deadly,RB,95,1
helpful,JJ,95,1
expansion,NN,95,1
www.twitter.com/g5gamesG5,JJ,95,0
push,JJ,95,1
www.g5e.com,NN,95,1
village,NN,95,1
selecting,VBG,95,1
TONS,NNP,95,1
beat,NN,94,1
packed,VBN,94,1
wind,NN,94,1
PlayHome,NNP,94,1
Revolt,NNP,94,1
Give,VB,94,1
mines,NNS,94,1
lovely,JJ,94,1
internal,JJ,94,1
Treasure,NNP,94,1
initial,JJ,94,1
detective,JJ,94,1
dominate,VB,94,1
Single,NNP,94,1
ENJOY,NNP,94,1
subway,NN,94,1
Big,JJ,94,1
sandbox,NN,94,1
makeover,NN,94,1
decisions,NNS,94,1
dont,NN,94,1
chat,NNS,94,1
stress,NN,94,1
Check,NNP,94,1
MODES,NNP,94,1
mouse,NN,93,1
CAN,NNP,93,1
targets,NNS,93,1
forever,RB,93,1
layout,NN,93,1
recognize,VB,93,1
survival,JJ,93,1
SpongeBob,NNP,93,1
Studio,NNP,93,1
go,NN,93,1
Chase,NNP,93,1
Dr.,NNP,93,0
weve,VBP,93,1
Motorola,NNP,93,1
Doodle,NNP,93,1
comic,JJ,93,1
BIG,NNP,93,1
Secret,NNP,93,1
graphics-,JJ,93,1
HTC,NNP,93,1
Battles,NNP,93,1
Center,NNP,93,1
fees,NNS,93,1
stored,VBN,93,1
fast,NN,93,1
Immerse,NNP,93,1
Worlds,NNP,93,1
trophies,NNS,93,1
wins,VBZ,93,1
WRITE_EXTERNAL_STORAGE,NNP,93,0
Letter,NNP,93,1
goods,NNS,93,1
POKER,NNP,93,1
paper,NN,93,1
IMPORTANT,NNP,93,1
accept,VBP,92,1
Little,NNP,92,1
Kings,NNP,92,1
Original,JJ,92,1
published,VBN,92,1
cooking,VBG,92,1
blood,NN,92,1
explosive,JJ,92,1
Test,VB,92,1
logic,NN,92,1
catch,VB,92,1
logos,NN,92,1
begin,VB,92,1
*,VBZ,92,0
pocket,NN,92,1
Girl,NNP,92,1
forests,NNS,92,1
familiar,JJ,92,1
put,VBD,92,1
Apple,NNP,92,1
**,VB,92,1
leaving,VBG,92,1
slow,VB,92,1
limits,NNS,92,1
link,NN,92,1
BOSS,NNP,92,1
Square,NNP,92,1
residing,VBG,91,1
seriously,RB,91,1
tuned,VBD,91,1
Contains,NNS,91,1
ADVENTURE,NNP,91,1
READ_EXTERNAL_STORAGE,NNP,91,1
wish,NN,91,1
Zen,NNP,91,1
marked,VBN,91,1
edge,NN,91,1
guess,VBD,91,1
walking,VBG,91,1
Race,NNP,91,1
Shooter,NNP,91,1
Salon,NNP,91,1
Gameloft._____________________________________________This,NNP,91,0
user,VB,91,1
Undo,NNP,91,1
smaller,JJR,91,1
RockYou,NNP,91,1
PAC-MAN,NNP,91,1
Survivors,NNS,91,1
Raid,NNP,91,1
TeamLava,NNP,90,1
In-App,JJ,90,1
electronic,JJ,90,1
code,NN,90,1
combo,NN,90,1
allowed,VBN,90,1
QUIZ,NNP,90,1
GET_ACCOUNTS,NNP,90,1
In-game,JJ,90,1
Thai,NNP,90,1
Rescue,NNP,90,1
image,NN,90,1
fly,VB,90,1
downloaded,VBN,90,1
logic,JJ,90,1
individual,JJ,90,1
and/or,VBP,90,0
Lead,VB,90,1
sea,NN,90,1
pet,NN,90,1
user,JJ,90,1
icons,NNS,90,1
existing,VBG,90,1
e.g,NN,89,0
elite,JJ,89,1
changing,VBG,89,1
Challenging,VBG,89,1
taken,VBN,89,1
hope,NN,89,1
Featuring,VBG,89,1
POWERFUL,NNP,89,1
**,NNP,89,0
Multiple,JJ,89,1
steps,NNS,89,1
American,NNP,89,1
Important,JJ,89,1
+,NN,89,0
experts,NNS,89,1
floors,NNS,89,1
object,JJ,89,1
ninjas,NN,89,1
Zeus,NNP,89,1
YouTube,NN,89,1
accounts,NNS,89,1
developing,VBG,89,1
v,NN,89,1
apps,RB,89,1
career,NN,88,1
lets,NNS,88,1
mental,JJ,88,1
add,VBP,88,1
Fan,NNP,88,1
crafting,VBG,88,1
get,NN,88,1
potions,NNS,88,1
bombs,NNS,88,1
Time,NN,88,1
graphic,JJ,88,1
TEAM,NNP,88,1
clothing,NN,88,1
approach,NN,88,1
front,NN,88,1
structures,NNS,88,1
choosing,VBG,88,1
collectibles,NNS,88,1
actions,NNS,88,1
figure,NN,88,1
high-quality,NN,88,1
avoiding,VBG,88,1
retro,NN,88,1
Paper,NNP,88,1
Kotaku,NNP,88,1
beautiful,NN,88,1
prepare,VB,88,1
host,NN,88,1
light,JJ,88,1
created,VBD,88,1
Watch,NNP,88,1
multiplayer,JJ,88,1
hilarious,JJ,88,1
drawings,NNS,88,1
immediately,RB,88,1
competitions,NNS,88,1
uses,NNS,87,1
Trolls,NNP,87,1
GET,NNP,87,1
fly,NN,87,1
pics,NNS,87,1
real-life,JJ,87,1
bullet,NN,87,1
Purchases,NNP,87,1
delightful,JJ,87,1
lightning,VBG,87,1
temple,NN,87,1
Suggestions,NNS,87,1
LLC,NNP,87,1
UP,NNP,87,1
Hunt,NNP,87,1
spy,NN,87,1
early,JJ,87,1
animated,VBD,87,1
saving,VBG,87,1
vast,JJ,87,1
Polish,NNP,87,1
ending,VBG,87,1
vivid,JJ,87,1
pack,NN,87,1
Normal,NNP,87,1
Conquer,NNP,87,1
Oz,NNP,87,1
essential,JJ,87,1
alongside,RB,87,1
Mutant,NNP,86,1
discover,RB,86,1
Crazy,NNP,86,1
lucky,JJ,86,1
Ultimate,NNP,86,1
Community,NNP,86,1
Dream,NNP,86,1
***,VB,86,1
Korean,JJ,86,1
themed,VBD,86,1
genius,NN,86,1
associated,VBN,86,1
Mighty,NNP,86,1
GAMEVIL,NNP,86,1
tournament,NN,86,1
providing,VBG,86,1
Ive,NNP,86,1
INFORMATION,NNP,86,1
production,NN,86,1
Very,RB,86,1
taste,NN,86,1
Summon,NNP,86,1
added,JJ,86,1
Connect,NN,86,1
Press,NNP,86,1
possibility,NN,86,1
Agent,NNP,85,1
Left,NNP,85,1
dice,NNS,85,1
Control,NNP,85,1
purpose,NN,85,1
Lost,NNP,85,1
FULL,NNP,85,1
blast,VB,85,1
class,NN,85,1
Forest,NNP,85,1
Knight,NNP,85,1
enjoy,NN,85,1
amusement,NN,85,1
Youll,NNP,85,1
musicians,NNS,85,1
etc,NN,85,1
awaits,NNS,85,1
charge,NN,85,1
Angry,NNP,85,1
security,NN,85,1
Miniclip,NNP,85,1
Mission,NNP,85,1
Search,NN,85,1
physics-based,JJ,85,1
co-op,JJ,85,1
Improve,VB,85,1
capture,VB,85,1
default,NN,85,1
understand,VB,85,1
accurate,JJ,85,1
State,NNP,85,1
wish,VBP,85,1
HOW,NNP,85,1
trucks,NNS,85,1
Gather,NNP,85,1
Digital,NNP,85,1
Year,NN,85,1
skills,VBZ,84,1
American,JJ,84,1
agents,NNS,84,1
Friends,NNS,84,1
Trade,NNP,84,1
clever,JJ,84,1
creations,NNS,84,1
sharing,VBG,84,1
fighter,NN,84,1
duty,NN,84,1
functions,NNS,84,1
Exercise,NN,84,1
crashes,NNS,84,1
lords,NNS,84,1
Road,NNP,84,1
pull,VB,84,1
Pet,NNP,84,1
//www.sega.com/mprivacy,NN,84,1
UPGRADE,NNP,84,1
creation,NN,84,1
navigate,VB,84,1
definition,NN,84,1
become,VBN,84,1
parental,JJ,84,1
traditional,JJ,84,1
Modern,NNP,84,1
Jake,NNP,84,1
Catan,NNP,84,1
Princess,NNP,83,1
Graphics,NNP,83,1
excellent,JJ,83,1
badges,NNS,83,1
replay,NN,83,1
exciting,NN,83,1
pretty,RB,83,1
natural,JJ,83,1
Tablets,NNP,83,1
guys,NNS,83,1
sharpen,VB,83,1
Ravenwood,NNP,83,1
costs,NNS,83,1
Titan,NNP,83,1
note,VBP,83,1
work,VBP,83,1
staff,NN,83,1
cream,NN,83,1
tool,NN,83,1
guessing,VBG,83,1
adds,VBZ,83,1
relax,VB,83,1
Relax,NNP,83,1
advance,NN,83,1
hardcore,NN,83,1
calls,NNS,83,1
search,VB,83,1
rise,NN,83,1
Need,NNP,83,1
sports,NNS,83,1
helicopters,NNS,83,1
Incredible,JJ,83,1
spades,NNS,83,1
Radiant,NNP,83,1
clock,NN,83,1
introducing,VBG,83,1
event,NN,83,1
video,JJ,83,1
idea,NN,83,1
Phones,NNPS,83,1
Ghost,NNP,83,1
street,NN,83,1
paradise,NN,83,1
Match,NN,83,1
allowing,VBG,82,1
High-end,NNP,82,1
rule,VB,82,1
CPU,NNP,82,1
clean,JJ,82,1
Chinese,JJ,82,1
//www.g5e.com/G5_End_User_License_Supplemental_Terms,NNS,82,1
Experience,VB,82,1
UK,NNP,82,1
PLAY-,NNP,82,1
gameplay-,JJ,82,1
Youtube,NNP,82,1
sign,VB,82,1
pop,VB,82,1
Art,NNP,82,1
houses,NNS,82,1
free,VB,82,1
hunter,NN,82,1
Captain,NNP,82,1
payout,NN,82,1
logical,JJ,82,1
vicious,JJ,82,1
move,VBP,82,1
gadgets,NNS,82,1
shields,NNS,82,1
Touch,NN,82,1
WINNER,NNP,82,1
Plus,NNP,82,1
GO,NNP,82,1
handle,VB,82,1
Earth,NNP,82,1
eggs,NNS,82,1
learn,NN,82,1
Forum,NNP,82,1
credit,NN,82,1
relaxing,VBG,82,1
left,VBN,82,1
unknown,JJ,81,1
auto,NN,81,1
WAR,NNP,81,1
rifle,NN,81,1
provided,VBN,81,1
Lots,NNS,81,1
Words,NNS,81,1
Real,NNP,81,1
Towers,NNP,81,1
editor,NN,81,1
collects,NNS,81,1
White,NNP,81,1
Right,NNP,81,1
www.ea.com/1/service-updates,NNS,81,1
episode,NN,81,1
LIVE,NNP,81,1
Optimized,VBN,81,1
Welcome,NNP,81,1
gem,NN,81,1
platformer,NN,81,1
terms.ea.comVisit,NN,81,1
preschoolers,NNS,81,1
Cytus,NNP,81,1
HEDGEHOG,NNP,81,1
best,RBS,81,1
faster,NN,81,1
save,VBP,81,1
everyday,JJ,81,1
months,NNS,81,1
B,NNP,81,1
atmosphere,NN,81,1
Defend,VB,81,1
HALFBRICK,NNP,81,1
animal,NN,81,1
stand,VBP,81,1
month,NN,81,1
bring,VBP,81,1
relevant,JJ,81,1
Key,NNP,81,1
powerups,NNS,81,1
alphabet,NN,80,1
themed,JJ,80,1
Party,NNP,80,1
explore,VBP,80,1
students,NNS,80,1
competing,VBG,80,1
Device,NNP,80,1
Theres,VBZ,80,1
Send,VB,80,1
puzzler,NN,80,1
Theft,NNP,80,1
//www.storm8-studios.com/terms/,JJ,80,1
//www.gameloft.com/conditions/End-User,JJ,80,1
Pad,NNP,80,1
Altitude,NNP,80,1
Nickelodeon,NNP,80,1
sequence,NN,80,1
Fly,NNP,80,1
deserves,VBZ,80,1
Fishing,NNP,80,1
laser,NN,80,1
tank,NN,80,1
Christmas,NNP,80,1
teasers,NNS,80,1
unlocked,VBN,80,1
Leaderboards,NNS,80,1
entertained,VBN,79,1
throw,VB,79,1
bank,NN,79,1
heat,NN,79,1
methods,NNS,79,1
casinos,NNS,79,1
Stunning,NNP,79,1
hats,NNS,79,1
Hazel,NNP,79,1
apocalypse,NN,79,1
body,NN,79,1
strange,JJ,79,1
EARN,NNP,79,1
earning,VBG,79,1
DAILY,NNP,79,1
bought,VBD,79,1
Splash,NNP,79,1
racing,NN,79,1
La,NNP,79,1
jackpots,NNS,79,1
won,VBD,79,1
Campaign,NNP,79,1
Required,VBN,79,1
awards,NNS,79,1
expanding,VBG,79,1
score,VB,79,1
restart,VB,79,1
recent,JJ,79,1
tough,JJ,79,1
#NAME?,NN,79,1
Explore,VB,79,1
clans,NNS,79,1
Fantasy,NNP,79,1
youll,JJ,79,1
CONNECT,NNP,79,1
Zombies,NNS,79,1
earned,VBN,78,1
mutants,NNS,78,1
fortress,NN,78,1
pals,NNS,78,1
decks,NNS,78,1
proud,JJ,78,1
purchased,VBD,78,1
Kim,NNP,78,1
Children,NNP,78,1
sort,NN,78,1
Lucky,NNP,78,1
U.S.,NNP,78,1
Pyramid,NNP,78,1
defeat,NN,78,1
Turner,NNP,78,1
God,NNP,78,1
swing,VBG,78,1
complex,JJ,78,1
hairstyle,NN,78,1
pinball,NN,78,1
award,NN,78,1
Little,JJ,78,1
c,NN,78,1
Broadcasting,NNP,78,1
encounter,VBP,78,1
change,VBP,78,1
view,NN,78,1
toys,NN,78,1
driving,VBG,78,1
humanity,NN,78,1
childs,NNS,77,1
s,NN,77,1
Mix,NNP,77,1
worth,NN,77,1
props,NNS,77,1
create,NN,77,1
varied,JJ,77,1
bet,NN,77,1
Stick,NNP,77,1
Ruzzle,NNP,77,1
Digimon,NNP,77,1
roulette,JJ,77,1
hesitate,VB,77,1
books,NNS,77,1
Holdings,NNP,77,1
Bloody,NNP,77,1
mighty,JJ,77,1
Gems,NNP,77,1
hit,VB,77,1
Com2uS,NNP,77,1
eliminate,VB,77,1
IAP,NNP,77,1
hunt,NN,77,1
Bad,NNP,77,1
],VBP,77,1
GOOGLE,NNP,77,1
peace,NN,77,1
ladder,NN,76,1
Legends,NNP,76,1
precision,NN,76,1
doors,NNS,76,1
craft,NN,76,1
appear,VB,76,1
Application,NNP,76,1
white,JJ,76,1
underground,JJ,76,1
variations,NNS,76,1
communications,NNS,76,1
started,VBN,76,1
found,VBD,76,1
matching,JJ,76,1
guided,VBN,76,1
//www.youtube.com/watch,NN,76,1
sync,VBZ,76,1
Boy,NNP,76,1
software,NN,76,1
corners,NNS,76,1
REWARDS,NNP,76,1
Portuguese,JJ,76,1
tiny,JJ,76,1
steal,VB,76,1
prepared,VBN,76,1
operation,NN,76,1
simulator,NN,76,1
towns,NNS,76,1
trading,NN,76,1
Small,NNP,76,1
wait,NN,76,1
One,NNP,76,1
OWN,NNP,76,1
perform,NN,76,1
Core,NNP,76,1
Toss,NNP,76,1
Mojang,NNP,76,1
General,NNP,76,1
coming,JJ,76,1
hairstyles,NNS,76,1
Zoe,NNP,76,1
possibilities,NNS,76,1
beach,NN,76,1
truth,NN,76,1
GREE,NNP,76,1
play.Please,VB,76,1
crew,NN,75,1
gravity,NN,75,1
domination,NN,75,1
TriPeaks,NNP,75,1
grow,NN,75,1
successful,JJ,75,1
Unleash,NNP,75,1
strategically,RB,75,1
Controls,NNP,75,1
used,VBD,75,1
police,NN,75,1
newest,JJS,75,1
complicated,JJ,75,1
Tournament,NNP,75,1
Chaos,NNP,75,1
effective,JJ,75,1
Highlights,NNP,75,1
Walt,NNP,75,1
na,RB,75,1
tickets,NNS,75,1
MUSIC,NNP,75,1
integrated,VBN,75,1
Kingdoms,NNP,75,1
Additional,NNP,75,1
watch,VBP,75,1
PUZZLES,NNP,75,1
bitmango.comHOMEPAGE,NN,75,0
sniper,JJ,75,1
placed,VBN,75,1
Start,VB,75,1
Destroy,NNP,75,1
Android,JJ,75,1
dinner,NN,74,1
removed,VBN,74,1
jewelry,NN,74,1
tales,NNS,74,1
locate,VB,74,1
Sports,NNP,74,1
franchise,NN,74,1
Happy,JJ,74,1
Team,NN,74,1
store,VB,74,1
progress,VB,74,1
interstitial,JJ,74,1
begins,VBZ,74,1
Guns,NNP,74,1
Pass,NNP,74,1
hold,VB,74,1
lovingly,RB,74,1
Expert,NNP,74,1
Hearts,NNP,74,1
Slice,NNP,74,1
tower,JJR,74,1
Save,VB,74,1
Prove,VB,74,1
NVIDIA,NNP,74,1
Set,NNP,74,1
Cool,NNP,74,1
//www.facebook.com/BigBearEntertainmentGamesOr,NN,74,0
Japan,NNP,74,1
Turtles,NNP,74,1
slide,NN,74,1
//twitter.com/Big_Bear_EntertFor,VB,74,0
Zombies,NNP,74,1
accidentally,RB,74,1
acquire,VB,74,1
Change,NNP,74,1
green,JJ,74,1
TM,NNP,74,1
changed,VBN,74,1
division,NN,74,1
installation,NN,74,1
Ancient,NNP,74,1
deserts,NNS,74,1
Silent,NNP,74,1
Machine,NNP,74,1
skill,JJ,74,1
android,NN,74,1
records,NNS,73,1
encounter,VB,73,1
living,NN,73,1
PLAYER,NNP,73,1
program,NN,73,1
benefits,NNS,73,1
Supports,NNP,73,1
Times,NNP,73,1
along,RB,73,1
set,VBD,73,1
brilliant,JJ,73,1
interest-based,JJ,73,1
Notes,NNS,73,1
Festival,NNP,73,1
collections,NNS,73,1
Planet,NNP,73,1
scoring,VBG,73,1
techniques,NNS,73,1
pressure,NN,73,1
Land,NNP,73,1
clash,NN,73,1
winner,NN,73,1
Form,NNP,73,1
Osmos,NNP,73,1
instant,JJ,73,1
emotions,NNS,73,1
probably,RB,73,1
squad,NN,73,1
unit,NN,73,1
+,VBP,73,1
artifacts,NNS,73,1
Gameloft.Privacy,NN,73,1
guild,JJ,73,1
Hold,NNP,73,1
Childrens,NNP,72,1
Exciting,VBG,72,1
activate,VB,72,1
plans,NNS,72,1
Witch,NNP,72,1
Adventures,NNS,72,1
DIFFERENT,NNP,72,1
solo,NN,72,1
Regular,JJ,72,1
EXPLORE,NNP,72,1
advance,VB,72,1
manage,VB,72,1
medieval,NN,72,1
castle,JJ,72,1
creates,VBZ,72,1
Highly,NNP,72,1
Sea,NNP,72,1
Beach,NNP,72,1
Hints,NNS,72,1
Xperia,NNP,72,1
rocket,NN,72,1
cake,NN,72,1
level,JJ,72,1
array,NN,72,1
mature,NN,72,1
flow,NN,72,1
table,JJ,72,1
identity,NN,72,1
Farkle,NNP,72,1
ninja,JJ,72,1
guilds,NNS,72,1
Universe,NNP,72,1
card,JJ,72,1
looks,NNS,72,1
paying,VBG,72,1
teach,VB,72,1
races,NNS,71,1
Babies,NNP,71,1
Weekly,NNP,71,1
risk,NN,71,1
Danish,NNP,71,1
Bring,NNP,71,1
unable,JJ,71,1
Golden,NNP,71,1
Espaol,NNP,71,1
managed,VBN,71,1
speed,VB,71,1
feature,VBP,71,1
Exciting,NNP,71,1
text,NN,71,1
Purchase,NNP,71,1
Mickey,NNP,71,1
unexpected,JJ,71,1
mania,NN,71,1
comment,NN,71,1
MB,NNP,71,0
Tactics,NNP,71,1
send,VBP,71,1
Britain,NNP,71,1
immediate,JJ,71,1
let,VBP,71,1
STORY,NNP,71,1
international,JJ,71,1
topic,NN,71,1
cunning,VBG,71,1
BUILD,NNP,71,1
android,JJ,71,1
cartoons,NNS,71,1
doll,NN,71,1
Bluetooth,NNP,71,1
Pocket,NN,71,1
resolutions,NNS,71,1
happens,VBZ,71,1
AD,NNP,71,1
Triple,NNP,71,1
_____________________________________________Visit,VB,70,1
X-Men,JJ,70,1
fusion,NN,70,1
Reviews,NNP,70,1
HERE,NNP,70,1
frequently,RB,70,1
recently,RB,70,1
cells,NNS,70,1
May,NNP,70,1
BADLAND,NNP,70,1
welcome,JJ,70,1
loads,NNS,70,1
Hand,NNP,70,1
Different,JJ,70,1
ADDICTIVE,NNP,70,1
Cats,NNPS,70,1
expect,VB,70,1
Does,NNP,70,1
summer,NN,70,1
artificial,JJ,70,1
Me,NNP,70,1
brought,VBD,70,1
shots,NNS,70,1
crucial,JJ,70,1
Cell,NNP,70,1
content,JJ,70,1
plan,VB,70,1
Combine,NNP,70,1
electric,JJ,70,1
In-App,NNP,70,1
drums,NNS,70,1
Kitty,NNP,70,1
Fred,NNP,70,1
supported,VBD,70,1
Intuitive,JJ,70,1
Iron,NNP,70,1
cause,NN,70,1
double,VB,70,1
punch,NN,70,1
land,VB,70,1
shows,NNS,70,1
Fighter,NNP,70,1
groups,NNS,70,1
extensive,JJ,69,1
Head,NNP,69,1
rise,VB,69,1
GB,NNP,69,1
end,VB,69,1
USA,NNP,69,1
prize,NN,69,1
paced,VBD,69,1
lessons,NNS,69,1
chef,NN,69,1
//www.sega.com/mprivacyTerms,NNS,69,0
battling,VBG,69,1
fact,NN,69,1
situations,NNS,69,1
credentials,NNS,69,1
Completely,RB,69,1
reasons,NNS,69,1
gameplay.-,JJ,69,1
charge,VB,69,1
challenge,VBP,69,1
address,NN,69,1
tilt,NN,69,1
//www.rovio.com/privacyThis,JJ,69,1
industry,NN,69,1
Max,NNP,69,1
trail,NN,69,1
Franais,NNP,69,1
tropical,JJ,69,1
imaginative,JJ,69,1
attacking,VBG,69,1
Infinity,NNP,69,1
Europe,NNP,69,1
trees,NNS,69,1
IS,NNP,69,1
Services,NNP,69,1
described,NN,69,1
Fix,NNP,69,1
flag,NN,69,1
Real-time,JJ,69,1
Networking,NNP,69,1
arms,NNS,69,1
truck,NN,69,1
Playground,NNP,69,1
superior,JJ,69,1
linked,VBD,69,1
countless,JJ,68,1
lighting,NN,68,1
maybe,RB,68,1
Cream,NNP,68,1
Record,NNP,68,1
responsibility,NN,68,1
audio,JJ,68,1
Ridiculous,JJ,68,1
wizard,NN,68,1
dice,JJ,68,1
communication,NN,68,1
Lord,NNP,68,1
high-end,JJ,68,1
//www.storm8-studios.com/privacy/Follow,JJ,68,1
Defend,NNP,68,1
Friend,NNP,68,1
imposed,VBN,68,1
disclosure,NN,68,1
stickers,NNS,68,1
answer,VB,68,1
sometimes,RB,68,1
related,JJ,68,1
Turn,NNP,68,1
breakfast,NN,68,1
entirely,RB,68,1
obstacle,NN,68,1
Duet,NNP,68,1
read,VBD,68,1
square,NN,68,1
Logo,NNP,68,1
spirit,NN,68,1
showing,VBG,68,1
guests,NNS,68,1
PocketGamer,NNP,68,1
Mystery,NNP,68,1
pause,VB,68,1
apply.Important,VB,68,1
Eagle,NNP,68,1
Got,VBD,68,1
reward,VB,68,1
Warrior,NNP,68,1
infinite,JJ,68,1
diamonds,NNS,68,1
Ruby,NNP,68,1
Blue,NNP,68,1
console,JJ,68,1
elegant,JJ,68,1
expect,VBP,68,1
Train,NNP,68,1
gift,NN,68,1
OTHER,NNP,68,1
built-in,JJ,68,1
concentration,NN,68,1
package,NN,68,1
EXO,NNP,67,1
logos,JJ,67,1
Last,JJ,67,1
Excellence,NNP,67,1
mini-game,NN,67,1
Traditional,NNP,67,1
wood,NN,67,1
Tiny,NNP,67,1
Weapons,NNP,67,1
Budge,NNP,67,1
Society,NNP,67,1
figures,NNS,67,1
iPad,NN,67,1
swords,NNS,67,1
empty,JJ,67,1
Virtual,JJ,67,1
vocabulary,NN,67,1
inquiries,NNS,67,1
falling,VBG,67,1
campaigns,NNS,67,1
Forge,NNP,67,1
Information,NN,67,1
Shield,NNP,67,1
outfit,NN,67,1
gate,NN,67,1
rock,NN,67,1
woods,NNS,67,1
POWER,NNP,67,1
READ_PHONE_STATE,JJ,67,1
law,NN,67,1
enigmatic,JJ,67,1
length,NN,67,1
Gamezebo,NNP,67,1
squares,NNS,67,1
Hire,NNP,67,1
push,NN,67,1
whats,NNS,67,1
exploding,VBG,67,1
Lets,NNS,67,1
ONLY,NNP,67,1
Solo,NNP,67,1
Tell,VB,66,1
cast,NN,66,1
Hit,NNP,66,1
colorful,NN,66,1
duels,NNS,66,1
species,NNS,66,1
earn,JJ,66,1
Arabic,NNP,66,1
Work,VB,66,1
reality,NN,66,1
below,NN,66,1
salon,NN,66,1
bricks,NNS,66,1
Chess,NNP,66,1
relationship,NN,66,1
MARVEL,NNP,66,1
HELP,NNP,66,1
grow,VBP,66,1
Hello,NNP,66,1
respective,JJ,66,1
thats,NNS,66,1
sure,NN,66,1
companion,NN,66,1
youtube,NN,66,1
Green,NNP,66,1
@,VBD,66,0
champions,NNS,66,1
Killer,NNP,66,1
dresses,NNS,66,1
lost,JJ,66,1
spinning,VBG,66,1
edition,NN,66,1
extreme,JJ,66,1
Touch,JJ,66,1
compelling,JJ,66,1
Levels,NNS,66,1
Fruit,NNP,66,1
bass,NN,66,1
Absolutely,RB,66,1
recorded,VBN,66,1
private,JJ,66,1
Town,NNP,66,1
custom,JJ,66,1
Minecraft,NNP,66,1
hottest,JJS,66,1
ride,NN,66,1
Automatic,NNP,66,1
landscape,NN,66,1
meals,NNS,65,1
pet,JJ,65,1
Combat,NNP,65,1
TabTales,NNP,65,1
//twitter.com/,JJ,65,0
Guess,VB,65,1
agent,NN,65,1
destroy,NN,65,1
GPS,NNP,65,1
chests,NNS,65,1
range,VBP,65,1
Egypt,NNP,65,1
Jam,NNP,65,1
Personal,NNP,65,1
Powerful,NNP,65,1
lush,JJ,65,1
painted,VBD,65,1
close,RB,65,1
Advanced,NNP,65,1
COPPA,NNP,65,1
Landlord,NNP,65,1
named,VBN,65,1
BONUSES,NNP,65,1
means,NNS,65,1
Rope,NNP,65,1
=,NNP,65,0
floating,VBG,65,1
tutorial,NN,65,1
prisoners,NNS,65,1
featured,VBN,65,1
Install,NNP,65,1
beating,VBG,65,1
Track,NNP,65,1
Send,NNP,65,1
clicker,NN,65,1
depth,NN,65,1
specifically,RB,65,1
Freddy,NNP,65,1
Clear,JJ,65,1
Strike,NNP,65,1
separate,JJ,65,1
legal,JJ,65,1
solving,NN,65,1
Terraria,NNP,65,1
improved,JJ,65,1
zoom,NN,65,1
related,VBN,65,1
planning,VBG,65,1
usage,NN,65,1
brand-new,JJ,65,1
recover,VB,65,1
artistic,JJ,64,1
Drive,NNP,64,1
companies,NNS,64,1
son,NN,64,1
Army,NNP,64,1
counting,VBG,64,1
reaction,NN,64,1
cell,NN,64,1
hell,NN,64,1
Contact,NN,64,1
i,NN,64,0
core,NN,64,1
connecting,VBG,64,1
expert,NN,64,1
iPhone,NN,64,1
paint,NN,64,1
offering,VBG,64,1
frozen,JJ,64,1
WORD,NNP,64,1
uncover,VB,64,1
coordination,NN,64,1
look,VBP,64,1
Soundtrack,NNP,64,1
focus,NN,64,1
toughest,JJS,64,1
X,NNP,64,0
Realistic,NNP,64,1
Companies,NNP,64,1
experience.You,NN,64,1
id=6249013288401661340Like,VB,64,0
Checkers,NNP,64,1
guaranteed,VBN,64,1
stars,VBZ,64,1
enjoying,VBG,64,1
Portugus,NNP,64,1
instructions,NNS,64,1
detail,NN,64,1
Desert,NNP,64,1
in-game,NN,64,1
boy,NN,64,1
Ben,NNP,64,1
located,VBN,64,1
//www.sega.com/termsSEGA,NN,64,0
persons,NNS,64,1
Tegra,NNP,64,1
Trumpet,NNP,64,1
ANDROID,NNP,64,1
load,VB,64,1
extras,NNS,64,1
Night,NNP,64,1
As,RB,64,1
varying,VBG,64,1
LEVEL,NNP,64,1
SLOTS,NNP,63,1
chord,NN,63,1
Navigator,NNP,63,1
Doomsday,NNP,63,1
happen,VB,63,1
Ever,NNP,63,1
percussion,NN,63,1
crash,NN,63,1
feels,VBZ,63,1
boost,NN,63,1
Trial,NNP,63,1
PROBLEM,NNP,63,1
listening,VBG,63,1
Mode,NN,63,1
Squad,NNP,63,1
ZOMBIE,NNP,63,1
rhythm,JJ,63,1
Show,VB,63,1
EULA,NNP,63,1
objects,VBZ,63,1
confidence,NN,63,1
WIFI,NNP,63,1
dodge,VB,63,1
Episode,NNP,63,1
expansions,NNS,63,1
danger,NN,63,1
twists,NNS,63,1
Rewards,NNP,63,1
block,VB,63,1
attractive,JJ,63,1
Academy,NNP,63,1
//www.cartoonnetwork.com/legal/termsofuse.html,JJ,63,0
tracing,VBG,63,1
Nice,NNP,63,1
reason,NN,63,1
Steel,NNP,63,1
center,NN,63,1
crosswords,NNS,63,1
Hop,NNP,63,1
live,VB,62,1
Deutsch,NNP,62,1
Tales,NNP,62,1
vertical,JJ,62,1
romance,NN,62,1
view,VB,62,1
Independent,NNP,62,1
matching,NN,62,1
Learning,VBG,62,1
Discover,VB,62,1
drive,VB,62,1
Maxwell,NNP,62,1
registration,NN,62,1
lose,VBP,62,1
contests,NNS,62,1
Young,NNP,62,1
twice,RB,62,1
resolve,VB,62,1
Ride,NNP,62,1
SEARCH,NNP,62,1
LOVE,NNP,62,1
alien,JJ,62,1
left,JJ,62,1
becoming,VBG,62,1
Rights,NNP,62,1
launch,VB,62,1
mentioned,VBN,62,1
Back,NNP,62,1
solved,VBN,62,1
ancient,NN,62,1
CUSTOM,NNP,62,1
themed,VBN,62,1
pro,JJ,62,1
Intense,NNP,62,1
gradually,RB,62,1
wall,NN,62,1
tree,NN,62,1
Most,JJS,62,1
bn,NN,62,1
MOBILE,NNP,62,1
CONTROLS,NNP,62,1
combines,VBZ,62,1
formation,NN,62,1
Languages,NNP,62,1
importantly,RB,62,1
engrossing,VBG,62,1
culture,NN,62,1
generation,NN,62,1
Follow,VB,62,1
chaos,NN,61,1
film,NN,61,1
awaits,VBZ,61,1
wanted,VBD,61,1
Ready,JJ,61,1
exploration,NN,61,1
sliding,VBG,61,1
talk,VB,61,1
Backflip,NNP,61,1
best,RB,61,1
Doctor,NNP,61,1
METAL,NNP,61,1
sorting,VBG,61,1
Jack,NNP,61,1
horse,NN,61,1
Data,NNP,61,1
SLUG,NNP,61,1
Series,NNP,61,1
destination,NN,61,1
Devil,NNP,61,1
arrows,NNS,61,1
Make,VBP,61,1
Hall,NNP,61,1
accuracy,NN,61,1
strengthen,VB,61,1
Past,NNP,61,1
caves,NNS,61,1
composer,NN,61,1
reaches,VBZ,61,1
traveling,VBG,61,1
finest,JJS,61,1
Leo,NNP,61,1
Choose,NN,61,1
combine,VB,61,1
complicated,VBN,61,1
waste,NN,61,1
Evil,NNP,61,1
stolen,VBN,61,1
world-,JJ,61,1
deliver,VB,61,1
World,NN,61,1
legions,NNS,61,1
secret,NN,61,1
**,NN,61,0
Smart,NNP,61,1
Order,NNP,61,1
Account,NNP,61,1
nature,NN,61,1
save,NN,61,1
Music,JJ,61,1
ten,JJ,61,1
session,NN,61,1
messages,NNS,61,1
strikes,NNS,61,1
fight,VBD,61,1
beginner,NN,61,1
Crack,NNP,61,1
Cat,NNP,61,1
dog,NN,61,1
ULTIMATE,NNP,61,1
inventory,NN,61,1
magazines,NNS,61,1
Pirate,NNP,61,1
Cards,NNP,60,1
guide,NN,60,1
cats,NNS,60,1
investigate,VB,60,1
displayed,VBN,60,1
informed,VBN,60,1
BATTLES,NNP,60,1
FEATURES,NNS,60,1
Break,NNP,60,1
Demon,NNP,60,1
mood,NN,60,1
ends,VBZ,60,1
Goo,NNP,60,1
vibrant,JJ,60,1
smash,VB,60,1
celebrity,NN,60,1
aliens,NNS,60,1
middle,NN,60,1
improved,VBN,60,1
FANTASY,NNP,60,1
Tycoon,NNP,60,1
panel,NN,60,1
Funny,NNP,60,1
compatibility,NN,60,1
Hangman,NNP,60,1
equal,JJ,60,1
Never,RB,60,1
Donut,NNP,60,1
magnets,NNS,60,1
downloadable,JJ,60,1
pokies,NNS,60,1
jumping,VBG,60,1
plane,NN,60,1
Arthur,NNP,60,1
atmospheric,JJ,60,1
personality,NN,60,1
separately,RB,60,1
advanced,VBD,60,1
unlocked,JJ,60,1
bar,NN,60,1
critical,JJ,60,1
Boost,NNP,60,1
Flowerpot,NNP,60,1
quizzes,NNS,60,1
zones,NNS,60,1
Emoji,NNP,60,1
cookies,NNS,60,1
opinion,NN,60,1
Supported,VBD,60,1
copyright,NN,60,1
SIMPLE,NNP,60,1
HUGE,NNP,60,1
Hold'em,NNP,60,1
Bet,NNP,60,1
pig,NN,60,1
Rayman,NNP,60,1
harmony,NN,60,1
bones,NNS,60,1
//help.ea.com/,NN,60,0
responsive,JJ,60,1
lang=en,JJ,60,1
gather,VB,60,1
animated,VBN,60,1
relaxed,JJ,60,1
West,NNP,59,1
More,RBR,59,1
immerse,VB,59,1
RUN,NNP,59,1
multiplication,NN,59,1
Masha,NNP,59,1
keys,NNS,59,1
Guest,NNP,59,1
bath,NN,59,1
take,NN,59,1
sync,NN,59,1
USD,NNP,59,1
Collect,JJ,59,1
PUZZLE,NNP,59,1
Jeopardy,NNP,59,1
foods,NNS,59,1
first-person,JJ,59,1
element,NN,59,1
hone,VB,59,1
PARENTS,NNP,59,1
Unblock,NNP,59,1
payment.By,NN,59,0
super,NN,59,1
grenades,NNS,59,1
formula,NN,59,1
receive,JJ,59,1
Files,NNP,59,1
difference,NN,59,1
chess,NN,59,1
Gin,NNP,59,1
Monsters,NNPS,59,1
magnificent,JJ,59,1
sections,NNS,59,1
Plague,NNP,59,1
clipart,NN,59,1
please,VBP,59,1
customization,NN,59,1
assist,VB,59,1
explosions,NNS,59,1
jets,NNS,59,1
spell,NN,59,1
stock,NN,59,1
ENEMIES,NNP,59,1
jigsaw,NN,59,1
supply,NN,59,1
implement,VB,59,1
//www.gameloft.com/conditions/Privacy,NN,59,0
survive,NN,59,1
//www.gameloft.com/privacy-notice/End-User,JJ,59,0
ton,NN,59,1
upgrade,NN,59,1
source,NN,59,1
apart,RB,59,1
Photos,NNP,59,1
Login,NNP,59,1
single-player,JJ,59,1
satisfy,VB,59,1
Unlimited,VBD,59,1
display,VB,59,1
skilled,JJ,59,1
fit,VB,59,1
won,VBN,59,1
likes,VBZ,59,1
ACHIEVEMENTS,NNP,59,1
mystical,JJ,58,1
proper,JJ,58,1
brains,NNS,58,1
minute,NN,58,1
Tournaments,NNS,58,1
addiction,NN,58,1
reflexes,NNS,58,1
lovely,RB,58,1
queen,NN,58,1
DASH,NNP,58,1
th,NN,58,1
SUPPORT,NNP,58,1
adventure,JJ,58,1
lights,NNS,58,1
stand,VB,58,1
dreams,NNS,58,1
promotion,NN,58,1
Manor,NNP,58,1
bookings,NNS,58,1
Includes,VBZ,58,1
Open,NNP,58,1
THIS,NNP,58,1
MILLION,NNP,58,1
versus,NN,58,1
TWITTER,NNP,58,1
Legendary,JJ,58,1
drawn,VBN,58,1
usually,RB,58,1
TOS,NNP,58,1
worldwide,JJ,58,1
analysis,NN,58,1
TouchArcade,NNP,58,1
Universal,NNP,58,1
CLOUD,NNP,58,1
spin,VB,58,1
shotguns,NNS,58,1
Push,NNP,58,1
designer,NN,58,1
study,NN,58,1
Vector,NNP,58,1
beat,VBP,58,1
//www.rovio.com/privacyImportant,JJ,58,0
turned,VBN,58,1
samurai,NN,58,1
craft,VB,58,1
visually,RB,58,1
Exciting,JJ,58,1
systems,NNS,58,1
Addicting,VBG,58,1
Italiano,NNP,58,1
login,VB,58,1
IQ,NNP,58,1
intriguing,JJ,58,1
Fun,NN,58,1
Yatzy,NNP,58,1
/,NN,58,0
INTERNET,NNP,58,1
Rich,NNP,58,1
database,NN,58,1
So,NNP,58,1
exercise,NN,58,1
Alice,NNP,58,1
swiping,VBG,57,1
Tic,NNP,57,1
timer,NN,57,1
Dive,NNP,57,1
inside,NN,57,1
deal,NN,57,1
project,NN,57,1
solutions,NNS,57,1
classical,JJ,57,1
bullets,NNS,57,1
objective,NN,57,1
calling,VBG,57,1
devious,JJ,57,1
asynchronous,JJ,57,1
offered,VBN,57,1
surprising,JJ,57,1
achieved,VBN,57,1
JUMP,NNP,57,1
Boggle,NNP,57,1
rockets,NNS,57,1
flights,NNS,57,1
cloud,NN,57,1
Slide,NN,57,1
Tom,NNP,57,1
listen,VB,57,1
Improve,NNP,57,1
tutorial,JJ,57,1
says,VBZ,57,1
voices,NNS,57,1
respects,VBZ,57,1
collectible,JJ,57,1
UI,NNP,57,1
Prepare,NNP,57,1
odd,JJ,57,1
civilization,NN,57,1
Pick,VB,57,1
catching,VBG,57,1
mode*,NN,57,0
Band,NNP,57,1
Fighting,NNP,57,1
ACTION,NNP,57,1
blow,VB,57,1
sending,VBG,57,1
Miss,NNP,57,1
knows,VBZ,57,1
paths,NNS,57,1
forums,NNS,57,1
items-,JJ,57,1
Get,VBP,57,1
Shadow,NNP,57,1
scary,JJ,57,1
teach,VBP,57,1
science,NN,57,1
Robot,NNP,57,1
dots,NNS,57,1
fair,JJ,57,1
crown,NN,57,1
Note,NNP,57,1
Book,NNP,57,1
game.-,JJ,57,1
Booking.com,NNP,57,1
Number,NNP,57,1
let,NN,57,1
communities,NNS,57,1
Elmo,NNP,57,1
mansion,NN,57,1
younger,JJR,57,1
mode.-,JJ,57,1
Fazbear,NNP,57,1
bags,NNS,56,1
screenshots,NNS,56,1
Roby,NNP,56,1
Sweet,NNP,56,1
thoughtful,JJ,56,1
iOS,JJ,56,1
season,NN,56,1
Quality,NNP,56,1
log,NN,56,1
distance,NN,56,1
Connect,VB,56,1
medals,NNS,56,1
mass,NN,56,1
Sit,NNP,56,1
demons,NNS,56,1
Gameloft.Certain,NNP,56,1
turn-based,JJ,56,1
Fame,NNP,56,1
join,VBP,56,1
clearing,VBG,56,1
defy,VB,56,1
more-,JJ,56,1
receive,VBP,56,1
Myth,NNP,56,1
Retro,NNP,56,1
solid,JJ,56,1
reel,NN,56,1
Content,NNP,56,1
Participate,VB,56,1
dinosaurs,NNS,56,1
Explore,RB,56,1
rival,JJ,56,1
dealer,NN,56,1
Custom,NNP,56,1
survive,VBP,56,1
youve,RB,56,1
chords,NNS,56,1
cafe,NN,56,1
favorites,NNS,56,1
website,JJ,56,1
celebrities,NNS,56,1
MAKE,NNP,56,1
CHAT,NNP,56,1
Tsum,NNP,56,1
Whether,NNP,56,1
Storm8www.storm8-studios.comfacebook.com/storm8twitter.com/storm8,NNP,56,1
glorious,JJ,56,1
Combo,NNP,56,1
Kings,NNS,56,1
artist,NN,56,1
drag,VB,56,1
keeping,VBG,56,1
Hungry,NNP,56,1
Knowledge,NNP,56,1
Knights,NNS,56,1
hit,JJ,56,1
lock,VB,56,1
top,VB,56,1
OUT,NNP,56,1
Mario,NNP,56,1
Premium,NNP,56,1
advertising,VBG,56,1
enter,VBP,56,1
Sims,NNP,56,1
x86,NNP,55,1
Enemy,NNP,55,1
John,NNP,55,1
cross,NN,55,1
WE,NNP,55,1
perks,NNS,55,1
Base,NNP,55,1
compete,VBP,55,1
wizards,NNS,55,1
Koga,NNP,55,1
medical,JJ,55,1
neighbors,NNS,55,1
Crossword,NNP,55,1
cops,NNS,55,1
destroying,VBG,55,1
gone,VBN,55,1
bid,NN,55,1
Enemies,NNS,55,1
arrived,VBN,55,1
begin,NN,55,1
over,RB,55,1
Orcs,NNP,55,1
Finn,NNP,55,1
Gummy,NNP,55,1
concept,NN,55,1
humans,NNS,55,1
crystals,NNS,55,1
HEROES,NNP,55,1
tour,NN,55,1
Powerful,JJ,55,1
choose,NN,55,1
Pharaoh,NNP,55,1
google,NN,55,1
Threes,NNP,55,1
prices,NNS,55,1
refer,NN,55,1
Fish,NNP,55,1
recognition,NN,55,1
trade,VB,55,1
ENDLESS,NNP,55,1
Grab,NNP,55,1
bring,VBG,55,1
Individual,NNP,55,1
Kardashian,NNP,55,1
Review,NNP,55,1
turrets,NNS,55,1
die,VB,55,1
pros,NNS,55,1
Controller,NNP,55,1
Samurai,NNP,55,1
making,NN,55,1
shared,VBN,55,1
PLAY,VB,55,1
physical,JJ,55,1
report,VB,55,1
youll,VB,55,1
tech,NN,55,1
invaders,NNS,55,1
pop,JJ,54,1
Display,NNP,54,1
victories,NNS,54,1
call,VBP,54,1
relaxing,NN,54,1
rendered,VBN,54,1
Chips,NNP,54,1
Move,NNP,54,1
follows,VBZ,54,1
nail,JJ,54,1
worldwide,NN,54,1
reels,NNS,54,1
LEADERBOARDS,NNP,54,1
surprisingly,RB,54,1
processing,VBG,54,1
Fox,NNP,54,1
Subscribe,NNP,54,1
slide,VB,54,1
Interactive,NNP,54,1
Selection,NNP,54,1
Key,JJ,54,1
engage,VB,54,1
Memorize,VB,54,1
Hint,NNP,54,1
Good,NNP,54,1
Yellow,NNP,54,1
//www.bigbearentertainment.net,NN,54,0
right,VB,54,1
Zyngas,NNP,54,1
lava,NN,54,1
CHARACTERS,NNP,54,1
commander,NN,54,1
Fall,NNP,54,1
burger,NN,54,1
technologies,NNS,54,1
Fish,JJ,54,1
Movie,NNP,54,1
pure,NN,54,1
OPTIMIZED,NNP,54,1
Man,NNP,54,1
AB,NNP,54,1
weaponry,NN,54,1
authentication,NN,54,1
name,VB,54,1
particular,JJ,54,1
futuristic,JJ,54,1
change,NN,54,1
taps,NNS,54,1
betting,VBG,54,1
ends,NNS,54,1
reading,NN,54,1
breathtaking,VBG,54,1
gamer,NN,54,1
continues,VBZ,54,1
above,JJ,54,1
scoreboard,NN,54,1
prizes.Practice,NN,54,1
wealth,NN,54,1
services.Storm8,JJ,54,1
updated,VBD,54,1
wave,NN,54,1
sold,VBN,54,1
unusual,JJ,54,1
Flight,NNP,54,1
destinations,NNS,54,1
Languages,NNS,54,1
Ballerina,NNP,54,1
Lightbot,NNP,54,1
Got,NNP,54,1
perspective,NN,53,1
Wins,NNS,53,1
figure,VB,53,1
Windows,NNP,53,1
skies,NNS,53,1
Death,NNP,53,1
loss,NN,53,1
ago,RB,53,1
travel,VBP,53,1
Objects,NNPS,53,1
generated,VBD,53,1
fashionable,JJ,53,1
Blackjack,NNP,53,1
result,VB,53,1
curious,JJ,53,1
EVERY,NNP,53,1
gang,NN,53,1
camp,NN,53,1
bonus,JJ,53,1
Watch,VBP,53,1
opened,VBN,53,1
Droid,NNP,53,1
earn,NN,53,1
runs,NNS,53,1
subtraction,NN,53,1
standard,JJ,53,1
Works,NNP,53,1
travel,VB,53,1
Fantastic,JJ,53,1
CHALLENGES,NNP,53,1
KINGDOM,NNP,53,1
Write,NNP,53,1
Apply,NNP,53,1
CRUSH,NNP,53,1
Who,NNP,53,1
drag,NN,53,1
Most,NNP,53,1
presented,VBN,53,1
captured,VBN,53,1
Restaurant,JJ,53,1
missed,VBN,53,1
AWARD,NNP,53,1
naval,JJ,53,1
thought,VBD,53,1
Mortal,NNP,53,1
load,NN,53,1
past,NN,53,1
statement,NN,53,1
Rainbow,NNP,53,1
contain,VBP,53,1
Mozart,NNP,53,1
minimalistic,JJ,53,1
Prepare,VB,53,1
Old,NNP,53,1
hit,VBN,53,1
Wed,NNP,53,1
Feel,VB,53,1
smashing,VBG,53,1
feeling,NN,53,1
vs,NN,53,1
GLORY,NNP,53,1
MMORPG,NNP,53,1
discovery,NN,53,1
FEEDBACK,NNP,53,1
determined,VBN,53,1
XP,NNP,53,1
finished,VBN,53,1
Piano,NN,53,1
Fiesta,NNP,53,1
planes,NNS,53,1
HID,NNP,53,1
Ranking,NNP,53,1
Magazine,NNP,53,1
Tutorial,NNP,53,1
prowess,NN,53,1
Events,NNS,53,1
own,VB,53,1
robbers,NNS,53,1
skins,NNS,52,1
blue,JJ,52,1
premium,NN,52,1
headshot,NN,52,1
feet,NNS,52,1
permit,VB,52,1
Wide,NNP,52,1
further,RB,52,1
shopping,NN,52,1
took,VBD,52,1
bridge,NN,52,1
Learning,NNP,52,1
sharp,JJ,52,1
alien,NN,52,1
Updated,VBN,52,1
living,VBG,52,1
BoomBit,NNP,52,1
//m.zynga.com/privacy/policy,NN,52,0
Graphics,NNPS,52,1
result,NN,52,1
Ladders,NNP,52,1
Valley,NNP,52,1
sales,NNS,52,1
Showcase,NNP,52,1
FEATURES-,NNP,52,1
resource,NN,52,1
Report,NNP,52,1
cannon,NN,52,1
Rooms,NNP,52,1
Kid,NNP,52,1
fierce,JJ,52,1
Infinite,NNP,52,1
Paris,NNP,52,1
awarded,VBN,52,1
imagine,VB,52,1
pressing,VBG,52,1
Harmony,NNP,52,1
mix,VB,52,1
smash,NN,52,1
asks,VBZ,52,1
Stand,NNP,52,1
Ask,NNP,52,1
serve,VBP,52,1
Heidi,NNP,52,1
Ace,NNP,52,1
Blossom,NNP,52,1
aspects,NNS,52,1
Looking,VBG,52,1
write,VBP,52,1
mode,VBD,52,1
mathematics,NNS,52,1
blow,NN,52,1
iOS,NN,52,1
due,JJ,52,1
fall,VB,52,1
rewarding,VBG,52,1
Zynga,JJ,52,1
thrilling,NN,52,1
compete,NN,52,1
leaders,NNS,52,1
San,NNP,52,1
die,VBP,52,1
Devices,NNPS,52,1
late,JJ,52,1
turning,VBG,52,1
gamepad,NN,52,1
Playspace,NNP,52,1
situation,NN,52,1
Addictive,NNP,52,1
Maya,NNP,51,1
sole,JJ,51,1
memorize,VB,51,1
Storage,NNP,51,1
Swap,NNP,51,1
tailored,VBN,51,1
seat,NN,51,1
tells,VBZ,51,1
Assassin,NNP,51,1
swipe,VB,51,1
Huge,NNP,51,1
TRUE,NNP,51,1
identifier,NN,51,1
fleet,NN,51,1
responses,NNS,51,1
talents,NNS,51,1
WEAPONS,NNP,51,1
experienced,JJ,51,1
COMPLETE,NNP,51,1
booking,VBG,51,1
set,VBP,51,1
Commander,NNP,51,1
Shooting,VBG,51,1
scientific,JJ,51,1
safety,NN,51,1
contained,VBN,51,1
interesting,VBG,51,1
obtained,VBN,51,1
Giant,NNP,51,1
fly,VBP,51,1
Fighting,VBG,51,1
POP,NNP,51,1
poor,JJ,51,1
minions,NNS,51,1
input,NN,51,1
trailer,NN,51,1
luxurious,JJ,51,1
CHOOSE,NNP,51,1
AlphaBetty,NNP,51,1
REAL-TIME,NNP,51,1
wage,NN,51,1
Bean,NNP,51,1
Payne,NNP,51,1
g5,NN,51,1
Heavy,NNP,51,1
present,JJ,51,1
PokerCruncher,NNP,51,1
Letters,NNP,51,1
defensive,JJ,51,1
actually,RB,51,1
lasers,NNS,51,1
Role,NNP,51,1
delivers,VBZ,51,1
game-,JJ,51,1
missing,VBG,51,1
ALLIANCE,NNP,51,1
pilot,NN,51,1
ally,NN,51,1
Bright,NNP,51,1
Look,NN,51,1
Indonesian,NNP,51,1
Compatible,JJ,51,1
received,VBN,51,1
EVENTS,NNP,51,1
record,NN,51,1
ADDICTING,NNP,51,1
crack,NN,51,1
Progress,NNP,51,1
territories,NNS,51,1
Melbourne,NNP,51,1
Pictoword,NNP,51,1
replies,NNS,51,1
absolute,NN,51,1
tone,NN,51,1
jelly,NN,50,1
NotyxGames,NNP,50,1
vacation,NN,50,1
supports,NNS,50,1
evolution,NN,50,1
Mr,NNP,50,1
addicting,JJ,50,1
instrument,NN,50,1
CARD,NNP,50,1
dogs,NNS,50,1
guest,NN,50,1
stable,JJ,50,1
Help,NN,50,1
combine,NN,50,1
straight,VBD,50,1
Zodiac,NNP,50,1
Captivating,VBG,50,1
Begin,VB,50,1
butterflies,NNS,50,1
Computer,NNP,50,1
placing,VBG,50,1
Mobile,JJ,50,1
contest,NN,50,1
Cookie,NN,50,1
fingertips,NNS,50,1
effectively,RB,50,1
straight,RB,50,1
inhabitants,NNS,50,1
Greek,NNP,50,1
thief,NN,50,1
Beethoven,NNP,50,1
CUSTOMIZE,NNP,50,1
Pandemic,NNP,50,1
controllers,NNS,50,1
Strategic,NNP,50,1
smoothly,RB,50,1
Friends,NNPS,50,1
trials,NNS,50,1
ATTACK,NNP,50,1
losing,VBG,50,1
spanning,VBG,50,1
bubble,NN,50,1
unlockable,JJ,50,1
headphones,NNS,50,1
past,JJ,50,1
system-,JJ,50,1
BUDGE,NNP,50,1
battery,NN,50,1
updated,JJ,50,1
kits,NNS,50,1
musician,JJ,50,1
Difficulty,NNP,50,1
Smurfs,NNP,50,1
scoring,NN,50,1
WordWhizzle,NNP,50,1
Common,NNP,50,1
Grab,VB,50,1
Embark,NNP,50,1
popping,VBG,50,1
provided,VBD,50,1
quality*,NN,50,0
Chris,NNP,50,1
Fill,NNP,50,1
successfully,RB,50,1
concepts,NNS,50,1
design,VB,50,1
Lightning,NNP,50,1
BETTER,NNP,50,1
Market,NNP,50,1
official,NN,50,1
strengths,NNS,50,1
Missions,NNS,50,1
Five,NNP,50,1
Anniversary,NNP,50,1
historical,JJ,50,1
prefer,VBP,50,1
Rocket,NNP,50,1
cold,JJ,50,1
Klondike,NNP,50,1
Vision,NNP,50,1
Garden,NNP,50,1
chat,RB,50,1
Alien,NNP,50,1
+,VBD,50,0
Imperial,NNP,49,1
Cash,NNP,49,1
Double,JJ,49,1
fireballs,NNS,49,1
turns,VBZ,49,1
Editors,NNP,49,1
jumping,NN,49,1
fall,NN,49,1
Iga,NNP,49,1
AVAILABLE,NNP,49,1
got,VBN,49,1
Blood,NNP,49,1
missiles,NNS,49,1
and/or,JJ,49,0
upgradable,JJ,49,1
levels.-,JJ,49,0
strike,VB,49,1
darkness,NN,49,1
detect,VB,49,1
penalty,NN,49,1
seeing,VBG,49,1
Success,NNP,49,1
endorsed,VBN,49,1
convenient,NN,49,1
pile,NN,49,1
Character,NNP,49,1
foreign,JJ,49,1
disposal,NN,49,1
palette,NN,49,1
rhymes,NNS,49,1
release,VB,49,1
Features,NNPS,49,1
arenas,NNS,49,1
SPECIAL,NNP,49,1
Develop,NNP,49,1
etc.-,JJ,49,0
Brand,NNP,49,1
satisfying,VBG,49,1
Feedback,NNP,49,1
entertain,VB,49,1
Using,VBG,49,1
sight,NN,49,1
interesting,NN,49,1
struggle,NN,49,1
wings,NNS,49,1
profiles,NNS,49,1
happening,VBG,49,1
tell,VBP,49,1
Catapults,NNP,49,1
amounts,NNS,49,1
exploring,VBG,49,1
playful,JJ,49,1
CNET,NNP,49,1
classics,NNS,49,1
total,NN,49,1
shooter,JJ,49,1
couple,NN,49,1
capable,JJ,49,1
incoming,VBG,49,1
Digger,NNP,49,1
pass,NN,49,1
READ_CONTACTS,NNP,49,1
surrounding,VBG,49,1
licensed,VBN,49,1
Kitchen,NNP,49,1
precise,JJ,49,1
Items,NNP,49,1
fish,JJ,49,1
leagues,NNS,49,1
BECOME,NNP,49,1
Brazil,NNP,49,1
eventually,RB,49,1
Lab,NNP,49,1
ghosts,NNS,49,1
trends,NNS,49,1
Logic,NNP,49,1
amazingly,RB,49,1
sharks,NNS,49,1
prey,NN,49,1
fashions,NNS,49,1
mahjong,JJ,49,1
//disneyprivacycenter.com/kids-privacy-policy/english/,JJ,48,0
Clean,NNP,48,1
controlled,VBN,48,1
toppings,NNS,48,1
Points,NNP,48,1
conquer,NN,48,1
PERFECT,NNP,48,1
return,NN,48,1
Hothead,NNP,48,1
Connection,NNP,48,1
eerie,JJ,48,1
Rouge,NNP,48,1
FAVORITE,NNP,48,1
sleep,VB,48,1
PLAYERS,NNP,48,1
translation,NN,48,1
Sonata,VBP,48,1
ATM,NNP,48,1
grid,JJ,48,1
upgrading,VBG,48,1
bringing,VBG,48,1
Castles,NNP,48,1
beginning,NN,48,1
Rules,NNP,48,1
jetpack,NN,48,1
spiders,NNS,48,1
wear,VB,48,1
encourage,VB,48,1
forum,NN,48,1
packs,VBZ,48,1
deal,VB,48,1
commanders,NNS,48,1
IGN*,NNP,48,0
accomplish,VB,48,1
seems,VBZ,48,1
ultimately,RB,48,1
region,NN,48,1
therefore,RB,48,1
STUNNING,JJ,48,1
STRATEGY,NNP,48,1
destructive,JJ,48,1
www.zynga.com,NN,48,0
IP,NNP,48,0
//m.zynga.com/legal/terms-of-service,NN,48,0
[,VBP,48,0
shoots,NNS,48,1
stones,NNS,48,1
bored,VBN,48,1
club,NN,48,1
diverse,NN,48,1
overall,JJ,48,1
recruit,VB,48,1
desert,NN,48,1
dozen,NN,48,1
Tablets,NNPS,48,1
consists,VBZ,48,1
single.Distinguishing,JJ,48,1
unleash,JJ,48,1
enemys,NN,48,1
galactic,JJ,48,1
stop,JJ,48,1
deny,VBP,48,1
experience,VBP,48,1
arsenal,JJ,48,1
domino,NN,48,1
arcade,VBD,48,1
RIGHTS,NNP,48,1
firepower,NN,48,1
SUPER,NNP,48,1
Call,NNP,48,1
Machines,NNS,48,1
roster,NN,48,1
Turn,VB,48,1
reached,VBN,48,1
DEFENSE,NNP,48,1
//www.facebook.com/mobirixplayen,JJ,48,0
hunt,VB,48,1
wishes,NNS,48,1
Raids,NNP,48,1
indie,JJ,48,1
Empire,NN,48,1
angry,JJ,48,1
Innovative,JJ,48,1
surviving,VBG,48,1
protected,VBN,48,1
Corp,NNP,48,1
Manage,NNP,48,1
stone,NN,48,1
Bud,NNP,47,1
jungles,NNS,47,1
Read,VB,47,1
frame,NN,47,1
Car,NNP,47,1
profit,NN,47,1
fearsome,JJ,47,1
OFFLINE,NNP,47,1
PvE,NNP,47,1
spooky,JJ,47,1
Address,NNP,47,1
site.Terms,NNS,47,1
square,JJ,47,1
Notyx,NNP,47,1
bloody,JJ,47,1
spins,VBZ,47,1
Storm8www.storm8.comfacebook.com/storm8twitter.com/storm8,NNP,47,1
lightning,NN,47,1
explore,RB,47,1
Beast,NNP,47,1
Policyhttp,NNP,47,1
outcome,NN,47,1
acquired,VBN,47,1
partner,NN,47,1
Polish,JJ,47,1
revenge,NN,47,1
Stop,NNP,47,1
Crane,NNP,47,1
jumps,NNS,47,1
CASINO,NNP,47,1
employees,NNS,47,1
nhng,JJ,47,1
Jimmy,NNP,47,1
virus,NN,47,1
Need,VB,47,1
economy,NN,47,1
Money,NNP,47,1
scenario,NN,47,1
majestic,JJ,47,1
yours,RB,47,1
spare,JJ,47,1
knew,VBD,47,1
promise,VBP,47,1
Link,NNP,47,1
Copyright,NNP,47,1
Barbie,NNP,47,1
threat,NN,47,1
attract,VB,47,1
P,NNP,47,0
ruins,NNS,47,1
Call,VB,47,1
Switch,NNP,47,1
DICE,NNP,47,1
***Note***,NN,47,0
Katamari,NNP,47,1
hole,NN,47,1
alphabets,NNS,47,1
purchasing,NN,47,1
teachers,NNS,47,1
EXCLUSIVE,NNP,47,1
opportunities,NNS,47,1
faces,VBZ,47,1
friends-,JJ,47,1
emergency,NN,47,1
History,NNP,47,1
Metal,NNP,47,1
pixels,NNS,47,1
absorbing,VBG,47,1
Resistance,NNP,47,1
login,NN,47,1
shadow,NN,47,1
Eggs,NNP,47,1
dates,NNS,47,1
sequences,NNS,47,1
Simple,NN,47,1
Hints,NNP,47,1
diamond,NN,47,1
charming,JJ,47,1
and/or,NN,46,1
rank,VB,46,1
became,VBD,46,1
football,NN,46,1
Oh,NNP,46,1
Construct,NNP,46,1
Titans,NNPS,46,1
Wings,NNP,46,1
keyboard,NN,46,1
Animation,NNP,46,1
Runner,NNP,46,1
.-,JJ,46,0
furniture,NN,46,1
written,VBN,46,1
burn,VB,46,1
Quests,NNS,46,1
registered,VBN,46,1
Roll,NNP,46,1
LEARN,NNP,46,1
minigames,NNS,46,1
valid,JJ,46,1
hitting,VBG,46,1
Impasse,NNP,46,1
Eli,NNP,46,1
suddenly,RB,46,1
Backgammon,NNP,46,1
scale,NN,46,1
Weapons,NNS,46,1
welcome,VBP,46,1
mail,NN,46,1
cook,VB,46,1
recording,VBG,46,1
encyclopedia,NN,46,1
simultaneously,RB,46,1
saga,NN,46,1
improvement,NN,46,1
guarantee,VB,46,1
teammates,NNS,46,1
appreciate,VB,46,1
pizza,NN,46,1
boat,NN,46,1
HIDDEN,NNP,46,1
rental,JJ,46,1
Solar,NNP,46,1
garden,NN,46,1
CAMPAIGN,NNP,46,1
largest,JJS,46,1
summon,JJ,46,1
Compatibility,NNP,46,1
Arctic,NNP,46,1
FINAL,NNP,46,1
Castaway,NNP,46,1
R,NNP,46,0
=,VBP,46,0
interact,VB,46,1
request,NN,46,1
portfolio,NN,46,1
launching,VBG,46,1
outstanding,JJ,46,1
venture,NN,46,1
News,NNP,46,1
Cute,NNP,46,1
searches,NNS,46,1
Flag,NNP,46,1
cheap,JJ,46,1
bus,NN,46,1
satisfaction,NN,46,1
ideal,JJ,46,1
passing,VBG,46,1
understanding,NN,46,1
Rangers,NNPS,46,1
likely,JJ,46,1
Fuma,NNP,46,1
summon,VB,46,1
Reading,VBG,46,1
Indonesia,NNP,46,1
bridges,NNS,46,1
fairly,RB,46,1
Bloody,JJ,46,1
SUPERBUZZER,NNP,46,1
wipe,VB,46,1
about,RB,46,1
coins,VBZ,46,1
assemble,VB,46,1
contract,NN,46,1
reading,VBG,46,1
Solve,VB,46,1
Shadows,NNP,46,1
picks,NNS,46,1
dot,NN,46,1
dramatic,JJ,46,1
vision,NN,46,1
//www.facebook.com/gsoftteamhttps,NN,45,0
turner.com,NN,45,1
holds,VBZ,45,1
moves,VBZ,45,1
future,VB,45,1
estate,NN,45,1
installed,VBN,45,1
Simulator,NNP,45,1
Fever,NNP,45,1
file,NN,45,1
Dance,NN,45,1
century,NN,45,1
YAHTZEE,NNP,45,1
plunder,VB,45,1
rings,NNS,45,1
Research,NNP,45,1
codes,NNS,45,1
accept,VB,45,1
greatly,RB,45,1
dinosaur,NN,45,1
discover,VBP,45,1
winnings,NNS,45,1
Roman,NNP,45,1
HOURS,NNP,45,1
School,NNP,45,1
//twitter.com/ArtifexMundiYOUTUBE,NN,45,1
ch,NN,45,1
update,JJ,45,1
Skills,NNP,45,1
Tips,NNP,45,1
joined,VBN,45,1
Unlimited,NNP,45,1
Finger,NNP,45,1
pockets,NNS,45,1
cameras,NNS,45,1
Bloons,NNS,45,1
Tiger,NNP,45,1
//facebook.com/artifexmundiTWITTER,NN,45,0
CUSTOMIZE,VB,45,1
refreshing,VBG,45,1
S2,NNP,45,1
Talk,NN,45,1
round-up,NN,45,1
appeal,VB,45,1
//pinterest.com/artifexmundiINSTAGRAM,NN,45,0
Mode-,NNP,45,1
promotions,NNS,45,1
weather,NN,45,1
Technical,JJ,45,1
pencils,NNS,45,1
newer,JJR,45,1
adaptation,NN,45,1
gain,NN,45,1
//youtube.com/user/ArtifexMundiPINTEREST,NN,45,0